0,7.584399976730347,7.579133323033651,7.955844066576085,-0.05698326701123258,59.68028357503958,9.07974323403981,6.089056719420883,0.7476716286547318,0.4304339059672362,0.3761902386834741,0.8157143592834473,-227310.0
1,7.618999967575073,7.585733321507772,7.9928697744958574,-0.10910912688298177,64.52702857809786,9.154720167488346,6.0832797676618,0.7678600999566367,0.4182113632374129,0.3845944635942619,0.8350000722067696,-201410.0
2,7.655599966049194,7.595599988301595,8.040208207231908,-0.010752728969764116,65.2892585432882,9.253083420310677,6.058116511787712,0.7987417271307411,0.427800994681645,0.3932357698117386,0.8571429933820452,-162640.0
3,7.706799964904786,7.610599988301595,8.104121613861793,0.06850827320355424,66.18357910798727,9.394461929778123,6.0191380000314485,0.8438309824366685,0.46793191247436283,0.40817499834426346,0.9385715893336705,-98130.0
4,7.754399957656861,7.620466651916504,8.158469776891454,0.06033519255430749,68.15920130484162,9.50638609970702,6.0024138156067,0.8759930710250802,0.47968195862301855,0.4224763904000145,0.9507144519260952,-118700.0
5,7.807399959564209,7.634733317693074,8.230686648385907,0.18483418212988253,67.73109270635527,9.666510111000832,5.948289808127585,0.9295550757183116,0.5241051531104244,0.4428021429420965,0.9564287321908134,-86680.0
6,7.848599967956543,7.645133320490519,8.271051886836728,0.04044950851481185,53.16901928705461,9.743723675429132,5.953476260483953,0.9475618537362951,0.49390562114542824,0.4530228385827629,0.9421430315290179,-120010.0
7,7.892199974060059,7.659333321253459,8.314540052625128,0.019565250968212686,55.37918470784352,9.826324383505147,5.958075564614971,0.9670622047225441,0.474189105534883,0.45725609197318695,0.8807144165039062,-103220.0
8,7.933999977111816,7.667799990971883,8.353185548237274,-0.03826265590898377,55.1845351248777,9.898052405172427,5.969947549051206,0.9820262140303051,0.4469560682733196,0.4551960872332135,0.8385715484619141,-118890.0
9,7.967599983215332,7.674333324432373,8.370707691080318,-0.07270807134087014,48.73949916557515,9.932294713982587,6.002905252448078,0.9823473653836273,0.38064008673479144,0.4402848871335291,0.8378572463989258,-149990.0
10,8.0053999710083,7.6857999897003175,8.402836784778474,-0.08100004196166992,42.452828660899165,9.990290659530077,6.020509282486523,0.9924453442608886,0.3554564047978168,0.4233191906663867,0.8478572028023856,-104620.0
11,8.023199968338012,7.696666657129923,8.38703926380677,-0.1360691358248469,38.79310217255224,9.991207073878662,6.055192862797362,0.9840035527703253,0.23674607316650054,0.38600456716640946,0.8728571619306292,-154590.0
12,8.056999959945678,7.708799988428751,8.399312226373764,-0.072494701159853,47.19999694824219,10.01198832448911,6.102011595402246,0.9774941822717162,0.19688188276235863,0.3481800302855993,0.8664285796029227,-134020.0
13,8.079599952697754,7.7178666528066,8.39306467910884,-0.11397853740613102,44.62934890299314,10.015941784941438,6.143258120454069,0.968170916121842,0.1267104270349968,0.3038861096354788,0.8757142339433942,-148090.0
14,8.104599952697754,7.727666654586792,8.384317047625903,-0.07159092054386744,47.81199722460641,10.01189297037911,6.197306935016399,0.9536465088406777,0.06470477607134306,0.25604984292265165,0.8571427549634661,-159080.0
15,8.127199954986573,7.7375333213806154,8.364539912991198,-0.14254619431524987,41.500002781550535,9.995356474621122,6.259043435352023,0.9340782598172748,-0.007746426353657299,0.20329058906738987,0.8399998801095145,-175430.0
16,8.146599960327148,7.74986665725708,8.353773647877343,0.011250019073486328,40.609138202602736,9.992073660100116,6.301126260554179,0.9227368498864845,-0.047669770779142695,0.15309851709808336,0.8142855507986886,-161700.0
17,8.172599964141845,7.764533325831096,8.351664884852148,-0.045976968655136126,37.876104342459975,9.988533109646212,6.356666818637479,0.9079665727521831,-0.06165335928562854,0.11014814182134099,0.7721426827566964,-154030.0
18,8.201799964904785,7.779599990844726,8.352383904487715,0.015776713355815666,39.89169423400387,9.981456827875704,6.422143101933867,0.889828431485459,-0.066322538621991,0.07485400573267459,0.7749998228890556,-142510.0
19,8.232799968719483,7.795133326848348,8.360133562771917,0.04651164148009319,36.08444981300838,9.98072719520422,6.484872742234746,0.8739636132423686,-0.05486591645130545,0.048910021295878583,0.7421426773071289,-106430.0
20,8.255199956893922,7.811266657511394,8.361696937507539,0.06598978382454619,40.69263193529876,9.981865915751879,6.528533998035964,0.8633329794289789,-0.05723053542277157,0.027681909952148556,0.7799998351505825,-150350.0
21,8.281199960708618,7.82793332417806,8.367120587017046,0.050679831851542734,40.43478017493291,9.981968755293114,6.5804311661241215,0.850384397292248,-0.050453718882344845,0.012054784185249875,0.8157141208648682,-137930.0
22,8.30819995880127,7.850399990081787,8.370370752595402,0.01807224278111647,40.70021402372959,9.974953796539749,6.64144612106279,0.8333769188692399,-0.048557895282428376,-6.775170828577455e-05,0.817857027053833,-151820.0
23,8.337399969100952,7.873533325195313,8.379375836080671,0.027479151619520175,47.63033416339152,9.971454931761695,6.703345006440209,0.8170274813303714,-0.034553339462386035,-0.006964869259105827,0.7899999277932304,-145460.0
24,8.366199979782104,7.895066661834717,8.388027779037104,0.005847975394087777,42.29766235305513,9.965954482796713,6.766445476767495,0.7998772515073046,-0.023187338868762453,-0.010209363181037153,0.7192856584276471,-145460.0
25,8.409199981689452,7.9181333287556965,8.423791403025252,0.10714293012813977,69.46107425380006,9.991003858265211,6.827396105113694,0.7909019382878792,0.04182233115444234,0.00019697568605874435,0.6521428312574115,-120480.0
26,8.449599990844726,7.935466664632162,8.450309402179938,0.07058828017290901,57.04226085198678,9.995617713492964,6.903582268196489,0.7730088613241187,0.07632482480783231,0.015422545510413459,0.6950000013623919,-147500.0
27,8.492999982833862,7.952799994150798,8.485983529807283,0.10769229206541822,71.21211628611815,10.01635958576642,6.969640379901303,0.761679801466279,0.12322757740401791,0.03698355188913435,0.6757142543792725,-135690.0
28,8.532999982833863,7.972799994150797,8.517905751804443,0.08139532304828896,71.482890974724,10.033357782601877,7.032642183065847,0.7501788998840077,0.15378416318164945,0.060343674147637374,0.669285637991769,-154470.0
29,8.566799983978271,7.990133326848348,8.535242782641406,0.04186042333822812,70.14925001352225,10.026620737534195,7.106979230422347,0.7299103767779619,0.1488494627932191,0.07804483187675372,0.6528571333203997,-181480.0
30,8.591999979019166,8.005133323669433,8.53974305071548,-0.06989253321222011,60.07193035297605,10.01185913913545,7.172140818902882,0.7099295800581417,0.11855757616285167,0.08614738073397332,0.6857142789023263,-194530.0
31,8.601999969482423,8.010866654713949,8.526027620506374,-0.10000008383949682,48.184808821391,10.002845221451134,7.201154717513711,0.7004226259843556,0.05677837332491009,0.08027357925216068,0.6714285782405308,-221300.0
32,8.589799976348877,8.01833332379659,8.497555956593766,-0.16666661572252398,41.49254283705267,10.00798791188603,7.171612040811723,0.7090939677685768,-0.023382245432610915,0.05954241431520636,0.6842857088361468,-271030.0
33,8.582799978256226,8.020666659673054,8.46039690695224,-0.1881720391515088,35.38011728520718,10.018235152856013,7.147364803656438,0.7177175872998939,-0.105862704625169,0.02646139052713129,0.6950000013623919,-281950.0
34,8.573799982070923,8.021399993896484,8.409008796694014,-0.20200892132516876,32.97003188572745,10.039705782535414,7.107894181606432,0.7329529002322457,-0.20118657394066908,-0.019068202366428783,0.6242856979370117,-302210.0
35,8.567799978256225,8.02306666056315,8.361596679539941,-0.16763004314577148,32.04419096253693,10.053960852208096,7.0816391043043545,0.7430804369759356,-0.269589211481593,-0.06917240418946163,0.5814285959516253,-287980.0
36,8.566799983978271,8.024399995803833,8.31996544468484,-0.1086690397127938,34.332426519636215,10.056368817293214,7.077231150663329,0.744784416657471,-0.312131541386651,-0.11776423162889951,0.5878571101597377,-261870.0
37,8.571199989318847,8.02526666323344,8.283888372162588,-0.05128206225463519,33.425403339205104,10.045267715271732,7.097132263365962,0.7370338629764428,-0.3339281716676554,-0.1609970196366507,0.6071427549634661,-247030.0
38,8.581799993515014,8.030399996439616,8.268049616957818,0.0437085980621591,41.219505670875236,10.027371315053573,7.136228671976457,0.722785660769279,-0.3089092545922929,-0.19057946662777914,0.8071427345275879,-50770.0
39,8.60539999961853,8.04199999809265,8.290479049727624,0.23636364121385534,44.724768635479755,10.027891067203731,7.18290893203333,0.7112455337926001,-0.20920600592503114,-0.19430477448722955,0.8449998923710415,-6220.0
40,8.641400003433228,8.055066668192545,8.322224984305747,0.2638889753524191,50.0,10.01946137822879,7.263338628637666,0.6890306873977808,-0.10796605203361054,-0.17703702999650575,0.8121427467891148,37490.0
41,8.64480001449585,8.06126667022705,8.311941668043431,0.10410961767458934,37.50000687745926,10.016116867895303,7.273483161096396,0.6856584266997267,-0.11037957740001936,-0.16370553947720848,0.8792856761387416,-23610.0
42,8.623600025177002,8.069533338546753,8.29343415763341,0.05945946642567059,36.38059820993928,10.011487876600652,7.235712173753351,0.6939439257118256,-0.1285625080067696,-0.1566769331831207,0.8757143361227853,-68450.0
43,8.593000011444092,8.071400003433228,8.252123005221048,-0.08121831650102224,34.69750880621375,10.034157396777344,7.15184262611084,0.7205786926666259,-0.18920657229731574,-0.16318286100595972,0.9057143075125558,-162200.0
44,8.550800008773804,8.068266668319701,8.1873338640215,-0.2533936888337685,32.77311247626332,10.097666950854899,7.003933066692708,0.7734334710405479,-0.28561764822981495,-0.18766981845073077,0.927142858505249,-237290.0
45,8.487800016403199,8.060266669591268,8.093712935657319,-0.3626373683955698,31.001594561660795,10.214442542975117,6.76115748983128,0.8633212632859595,-0.42171613050233336,-0.23447908086105132,0.9649999822889056,-361790.0
46,8.406000022888184,8.051400003433228,8.007684981136148,-0.2679901007191248,34.16666713025832,10.227109775595856,6.584890270180512,0.9105548763538361,-0.5155629133320234,-0.29069584735524573,1.0055000100817,-258290.0
47,8.335000019073487,8.04626667022705,7.91914831520924,-0.2665816469273928,34.74576257488161,10.28602170336649,6.383978334780483,0.975510842146502,-0.5951800537739746,-0.3515926886389915,1.0179999896458216,-286690.0
48,8.278600015640258,8.042466669082641,7.852907205556858,-0.13950273259313803,42.30769230769231,10.306773024588777,6.250427006691739,1.0140865044742593,-0.6124848767722169,-0.4037711262656366,1.0208571638379778,-230890.0
49,8.241000022888183,8.044266668955485,7.822204968933506,0.07121216270001965,49.039884640640565,10.287987823147388,6.194012222628979,1.0234939001296022,-0.5520543427122933,-0.433427769554968,1.0694285801478796,-141190.0
50,8.21080002784729,8.041799999872843,7.787216532047433,0.19482751731782066,47.28340445161388,10.290104603856847,6.131495451837734,1.039652288004778,-0.5095853836687283,-0.44865929237772006,1.070857150214059,-202490.0
51,8.168400039672852,8.037200002670287,7.747717852743939,0.1491525593587494,45.48105079886204,10.276601153329201,6.060198926016502,1.0541005568281747,-0.4824705234043192,-0.4554215385830399,1.0515714713505335,-219890.0
52,8.107400045394897,8.032000004450481,7.685062254415449,0.06956523397694463,37.660486127611264,10.269578868953824,5.94522122183597,1.0810894117794636,-0.5059848668174709,-0.46553420422992614,0.885857241494315,-269090.0
53,8.036200046539307,8.024866673151651,7.6232951124193296,-0.0192616188108661,27.586209056506917,10.222677542727524,5.849722550351089,1.0932387480941086,-0.5218324562853667,-0.47679385464101426,0.810142959867205,-286790.0
54,7.970400047302246,8.020200004577637,7.567479610334852,-0.12305521092961999,25.506752239604225,10.176236326933516,5.764563767670977,1.1029181398156345,-0.5211223889278438,-0.4856595614983802,0.7630000795636859,-277590.0
55,7.897800045013428,8.015733337402343,7.520519621127959,-0.08080807455283785,33.26732207695528,10.069669538343053,5.725930551683803,1.0859347466648126,-0.5010660920182692,-0.488740867602358,0.6851429258074079,-265990.0
56,7.833200044631958,8.010333337783813,7.4620678795075825,-0.11061946560340892,32.49516360726878,10.03167610879747,5.634723980466448,1.0992380320827553,-0.5067647954450907,-0.49234565317090456,0.6832142898014614,-281890.0
57,7.771200046539307,8.007333339055378,7.415712284617417,0.021138229662604764,40.04149671096076,9.966473774819423,5.57592631825919,1.0976368641400587,-0.4855114742502069,-0.4909788173867651,0.6489285400935582,-253390.0
58,7.706600046157837,8.002200005849202,7.3629392605799255,-0.006546638458094404,43.963555732821696,9.908338148460704,5.504861943854968,1.100869051151434,-0.4800792572773327,-0.48879890536487863,0.601785693849836,-271290.0
59,7.652000045776367,7.998266674677531,7.312235766896846,-0.020967684129520665,53.760445756447766,9.878328550651286,5.425671540901447,1.11316425243746,-0.47035225814157844,-0.48510957592021864,0.5212142808096749,-271290.0
60,7.592600049972535,7.994066673914592,7.269402983496643,-0.023547896085129433,54.39560094067935,9.809904207963633,5.375295891981436,1.1086520789955496,-0.44540546864372565,-0.4771687544649201,0.4450000013623919,-256790.0
61,7.553800048828125,7.9905333391825355,7.2219754132724425,0.004975079921621575,54.246575557217014,9.809567777239495,5.298032320416755,1.127883864205685,-0.4335479379914595,-0.46844459117022796,0.4122142791748047,-267790.0
62,7.507200050354004,7.988466672897339,7.188564608264076,0.014331158080244554,52.01149287477663,9.762588328405938,5.251811772302069,1.1276941390259674,-0.3945877924667691,-0.4536732314295362,0.3963571275983538,-253290.0
63,7.471000051498413,7.9892666721343994,7.158816969835627,0.05930801424981066,38.14813676684489,9.736461258408596,5.205538844588229,1.1327306034550917,-0.3547804147260738,-0.43389466808884375,0.3377857208251953,-226290.0
64,7.449800052642822,7.995133339564005,7.15690258409754,0.17133442050107492,52.77778350113396,9.70839091347419,5.1912091918114545,1.1292954304156841,-0.2653041780237455,-0.40017657007582413,0.36364286286490305,-158190.0
65,7.426000051498413,7.984400005340576,7.138592681082753,0.07556274644413243,48.71794627959618,9.69115765246453,5.160842450532295,1.1325788004830588,-0.22568258352515613,-0.36527777276569057,0.3707857131958008,-187290.0
66,7.399000043869019,7.976133337020874,7.122961586574338,0.11221119385468631,60.068257719353724,9.664036016115045,5.133964071622993,1.132517986123013,-0.18807956127345093,-0.32983813046724264,0.4007856845855713,-82290.0
67,7.353600044250488,7.963000005086263,7.0801003561129265,-0.05337514628870222,48.88888947757699,9.635857318171073,5.071342770329903,1.1411286369602922,-0.21311328877305868,-0.3064931621284059,0.4593571254185268,-145690.0
68,7.3072000503540036,7.9446666717529295,7.03970427119614,-0.05909792344457087,47.87535877618418,9.599426660718017,5.01497343998999,1.146113305182007,-0.22870252649772382,-0.29093503500226947,0.4830714293888637,-99090.0
69,7.249960050582886,7.915920006434122,6.986696268489584,-0.19999998658685939,40.838260033153134,9.558394360304176,4.9415257408615965,1.1542171548606448,-0.26718751210415537,-0.28618553042264666,0.49735709599086214,-143790.0
70,7.196760053634644,7.883520002365112,6.937806209769136,-0.14200303108771545,45.777510800699346,9.519575408066476,4.873944699202812,1.1614076772159159,-0.2901465806598651,-0.28697774047009034,0.4864285332815988,-117490.0
71,7.138760051727295,7.84752000172933,6.88534321741084,-0.169139451809873,39.77135045108759,9.473546332147725,4.803973771306865,1.1673931402102153,-0.3159960216620794,-0.2927813967084882,0.4955714089529855,-164590.0
72,7.073560056686401,7.804120003382365,6.818859171913179,-0.1393035030449175,37.51418063531411,9.440738594109696,4.706381519263106,1.1835892687116476,-0.36535387897404537,-0.3072958931615996,0.4977142470223563,-208090.0
73,7.001960048675537,7.761586672465007,6.7483156742274275,-0.17024796319605415,35.78775496083841,9.397092104269383,4.60682799308169,1.1975660277969236,-0.4134222475812379,-0.3285211640455273,0.5139999730246407,-249090.0
74,6.9297600364685055,7.717520001729329,6.679362109399613,-0.12271455806091594,32.79238405175353,9.345823022551592,4.51369705038542,1.2080314930415428,-0.44876446482137133,-0.3525698242006961,0.5060713972364154,-268990.0
75,6.833560028076172,7.677453333536784,6.5935047628003405,-0.21777004352676085,29.943784613798968,9.247454062298786,4.419665993853557,1.2069470171113075,-0.5112261510941671,-0.38430108957939035,0.5306428500584194,-339390.0
76,6.739160022735596,7.629986667633057,6.5067006589431085,-0.2178571091014506,23.20947203812645,9.160442704012361,4.31787734145883,1.2106413406383827,-0.5631123320275142,-0.42006333806901514,0.5386428151811872,-382790.0
77,6.62576003074646,7.575920000076294,6.39624181181673,-0.2890173378540068,18.46224149085853,9.076958297097294,4.1745617643956265,1.225599133175417,-0.6523894033401447,-0.4665285511232411,0.5907856566565377,-487090.0
78,6.522760028839111,7.526920000712077,6.308153901367739,-0.1733067507698498,14.112499843906306,8.94796686338407,4.097553194294154,1.212603417272479,-0.6782060299199095,-0.5088640468825748,0.5656427826200213,-416490.0
79,6.4297600269317625,7.486320002873739,6.229794922599575,-0.13627251693966472,19.2028844217335,8.829992390669853,4.029527663193672,1.200116181869045,-0.6779403674191027,-0.5426793109898804,0.5534999200275966,-379190.0
80,6.360560035705566,7.452253335316976,6.189018653369021,0.1559020761214807,33.489560016533886,8.698215806323653,4.022904265087479,1.1688278853090437,-0.5998069718015993,-0.5541048431522242,0.5427856615611485,-271590.0
81,6.32056004524231,7.431986672083537,6.189057139794568,0.41324198527117556,51.60513514661597,8.598117174526042,4.043002915958578,1.1387785646418662,-0.451983861596414,-0.5336806468410622,0.5902856247765678,-8190.0
82,6.277360038757324,7.4121866734822595,6.167525482017746,0.5284552246684786,46.28218748419083,8.52208394487268,4.032636132641968,1.1223619530576783,-0.3748918803649737,-0.5019228935458445,0.6259999104908535,-106190.0
83,6.235160036087036,7.393786675135295,6.1389950732021665,0.31084335715872163,47.683107453379186,8.46148927629088,4.008830795883191,1.1131646201019225,-0.32617430856815854,-0.46677317655030737,0.6402856452124459,-181490.0
84,6.184360036849975,7.374520009358724,6.079034487332058,0.06960561362360289,40.78303666877964,8.44119217603521,3.9275278976647408,1.1284160695926173,-0.3504990048227823,-0.4435183422048024,0.6881428275789533,-248990.0
85,6.131160039901733,7.356386674245199,6.018680192215234,-0.12524086477863042,41.25412580207591,8.4155114622533,3.846808617550166,1.1421757111757835,-0.37114658390326305,-0.42904399054449455,0.673214282308306,-286790.0
86,6.082760038375855,7.337986675898234,5.974026071518202,-0.2116316527738095,47.41235450795383,8.36857768350837,3.7969423932433393,1.1429088225662578,-0.3559713521057084,-0.4144294628567373,0.6802143199103219,-230390.0
87,6.023560037612915,7.317586676279704,5.913868188604566,-0.21276592866532854,45.367412919331045,8.32341088001181,3.7237091952140213,1.149925421199447,-0.37512499156275236,-0.4065685685979403,0.7044285876410348,-283590.0
88,5.961960039138794,7.301586678822836,5.8701870906488915,-0.11764703304297398,48.558425068406954,8.223530672546056,3.700389405731532,1.130785316703631,-0.35713851619532466,-0.3966825581174172,0.725857172693525,-236390.0
89,5.8809600353240965,7.282786677678426,5.827826811088269,0.039045514777762344,52.459017803065954,8.007899422856207,3.7540206477919855,1.0634696937660555,-0.3397743327704461,-0.385300913048023,0.7087143318993705,-307390.0
90,5.838360023498535,7.275920009613037,5.87261790830801,0.5352422574353513,65.85067013709156,7.77933538267881,3.8973846643182606,0.9704876795901375,-0.14839472317954883,-0.3379196750743282,0.8608571972165789,490610.0
91,5.83016001701355,7.275520009994507,5.942319170545635,0.567622933599841,74.2647037339735,7.735972012165471,3.9243480218616287,0.9529059975759606,0.05748271293195284,-0.258839197473072,0.9072857584272113,927910.0
92,5.847160005569458,7.281853342056275,6.050071343480446,0.9572070874754534,75.97253636278774,7.839353692319451,3.8549663188194656,0.9960968433749964,0.3010905467193581,-0.146853248634586,0.9658571992601667,1325610.0
93,5.904360017776489,7.29578667640686,6.208892090068261,1.1041666625274553,78.97897768894002,8.200786589262302,3.6079334462906765,1.1482132857429064,0.6009988502381018,0.0027171711399515816,1.1108571801866804,1780310.0
94,5.932760028839112,7.297120011647542,6.279915947624944,0.6743216120321446,62.645219592866326,8.298380891659328,3.567139166018896,1.1828104314101078,0.6631948337222404,0.13481270365640935,1.3008571352277483,1026210.0
95,5.967360029220581,7.296653347015381,6.3289388598674305,0.08034439547684709,56.273408214617405,8.375283655640875,3.5594364028002863,1.2039618132101473,0.6652777658604174,0.24090571609721095,1.2641428879329137,801910.0
96,6.00116003036499,7.295320014953614,6.378392243895684,-0.00784312967732835,59.56820457631666,8.452281888319595,3.5500381724103853,1.2255609289773024,0.6641144999697737,0.32554747287172353,1.2497143064226424,911910.0
97,6.0387600326538085,7.29545334815979,6.427474905485694,-0.1219792309697244,60.91724727407726,8.531481364872192,3.5460387004354246,1.246360666109192,0.6588257330526188,0.3922031249079026,1.2370714460100447,1021110.0
98,6.0825600337982175,7.2998533471425375,6.505613147478174,-0.16633665759637445,69.06906648899115,8.664366710182108,3.500753357414327,1.2909033381919452,0.7101940666636066,0.45580131325904344,1.2335000038146973,1183510.0
99,6.087760028839111,7.2969200134277346,6.537942040663581,-0.08603497439824581,62.670298193398025,8.678715352690096,3.496804704988126,1.2954776619254924,0.6553949532844223,0.4957200412641192,1.3164285591670446,1006510.0
100,6.102560033798218,7.299253346125285,6.5823364734334,0.018592279227726466,62.670298193398025,8.721455578160203,3.483664489436232,1.309447772180993,0.6321148059341306,0.5229989941981216,1.3265713964189803,1081310.0
101,6.1183600330352785,7.3019200134277344,6.62106838316783,-0.0026350435473567768,64.66729059186524,8.76333977220791,3.473380293862646,1.3224898695863163,0.5986945863478663,0.5381381126280705,1.3323571000780379,1014410.0
102,6.143360033035278,7.302120014826457,6.651614724822717,-0.03014416980652161,62.40457854628835,8.813074432781384,3.4736456332891708,1.3348571998730536,0.5521266636474538,0.5409358228319472,1.3436428138187952,976210.0
103,6.17536003112793,7.3061200141906735,6.69312003122759,-0.08432304414651247,63.54359874907662,8.88154933152528,3.4691707307305806,1.3530946501986747,0.5340791223386905,0.5395644827332958,1.3643570627485002,1053410.0
104,6.219560031890869,7.314786678949992,6.76044865147012,0.14733969098870137,57.74193523577673,8.998602848664536,3.4405172151172017,1.3895214083868337,0.5696933796325911,0.545590262113155,1.2572856289999825,1184610.0
105,6.254560031890869,7.319920012156168,6.813764386140275,0.05867011796466257,52.63748469746128,9.08494194831047,3.424178115471268,1.4151909582098006,0.5679701554314738,0.5500662407768188,1.2522856167384557,1045410.0
106,6.295360021591186,7.325720011393229,6.863028515892587,0.06605013366242865,46.085859817359356,9.17098125434613,3.419738788836243,1.4378106163774715,0.5561588374325863,0.5512847601079723,1.2501427446092879,908510.0
107,6.323760013580323,7.329053344726563,6.895850919554256,0.040540501355602915,32.55813566654557,9.226680683468299,3.4208393436923457,1.4514603349439885,0.511051302973673,0.5432380686811125,1.1508570739201136,816810.0
108,6.360160007476806,7.333586676915487,6.93483715276725,0.023346281121664474,48.69738892967646,9.295553918859614,3.424766096093999,1.4676969556914037,0.4850433953214708,0.5315991340091841,0.9392856870378766,887110.0
109,6.387160005569458,7.3355866781870525,6.9538631497682974,-0.11771697848755643,48.89335877104571,9.33646226244926,3.437857748689656,1.474651128439901,0.4216464086804228,0.5096085889434319,0.9327856472560337,754010.0
110,6.441960010528565,7.346653343836467,7.032535184606677,0.10344829611165131,60.62015446567253,9.479099008621759,3.40482101243537,1.5185694990465972,0.49002031742935426,0.5056909346406163,1.0056427887507848,1040910.0
111,6.5553600025177,7.377453339894613,7.216749473141173,0.4535315967557582,72.33115314504255,9.93804223176364,3.1726777732717597,1.6913411146229702,0.7589739634428598,0.556347540401065,1.2268570491245814,1755310.0
112,6.737960004806519,7.4340533383687335,7.541582827135637,1.0129870628502353,79.11184215685998,10.961085762786507,2.514834246826532,2.1115628789899934,1.2617841332927888,0.6974348589794098,1.4639999185289656,2825010.0
113,6.859760017395019,7.470120007197062,7.736814891081835,0.586818842791742,68.4697537931804,11.386971007104679,2.33254902768536,2.2636054948548296,1.4036236574892058,0.838672618681369,1.636857066835676,2276910.0
114,6.969160013198852,7.507853339513143,7.926743715890628,0.6954177620425801,67.8286142494333,11.776736419005616,2.1615836073920898,2.4037882029033812,1.503542060823806,0.9716465071098564,1.7455713067735945,2689310.0
115,7.053760013580322,7.535653340021769,8.044126318259385,0.21875000332615205,60.92628908645923,11.988476988830843,2.119043038329802,2.46735848762526,1.432269687451102,1.0637711431781056,1.8533570425851005,2265710.0
116,7.147160015106201,7.564253339767456,8.176121358618316,-0.027280452456284642,62.81150228859011,12.232129779246641,2.062190250965762,2.5424848820702195,1.399195648032327,1.13085604414895,1.9257141521998815,2685610.0
117,7.249360017776489,7.591853342056274,8.292351907038098,-0.28129030043079006,60.98654964675862,12.446845479121954,2.051874556431023,2.598742730672733,1.3357992675571317,1.1718446888305862,1.9779284681592668,2244410.0
118,7.335360021591186,7.614786678949992,8.373044004074632,-0.17332268346270904,56.17834647551386,12.59378713078734,2.0769329123950326,2.629213554598077,1.2078870150420542,1.17905315407288,2.056428466524397,1744610.0
119,7.411800022125244,7.6315200138092045,8.417630522694523,-0.24403813302407398,54.276924635306095,12.68358509594637,2.1400149483041186,2.635892536910563,1.0268972094173368,1.1486219651417713,2.044285637991769,1436210.0
120,7.478200035095215,7.643386681874593,8.442821499044413,-0.1703296376998284,52.97297555821171,12.747671171675163,2.2087288985152664,2.6347355682899742,0.8374961266712102,1.0863967974476592,2.0276427950177873,1232810.0
121,7.522400035858154,7.6474533494313555,8.418004967426183,-0.31551270401191817,50.313748272009164,12.764572180063027,2.280227891653281,2.6210860721024365,0.579845711818475,0.9850865803218224,2.0512142181396484,1014610.0
122,7.579800043106079,7.653853352864584,8.403965573394439,-0.27648113364306914,50.48323071484293,12.780417778327461,2.3791823078846983,2.6003088676106905,0.39131798082036795,0.8663328604215316,2.087071350642613,1221410.0
123,7.688600044250489,7.675986687342326,8.484594375933755,0.010627985760675486,57.78688572645511,12.898244223274013,2.478955865226964,2.6048220895117624,0.43060456592318097,0.7791872015218615,2.1970713138580322,1520510.0
124,7.773200054168701,7.689720023473104,8.513433822643364,-0.030494211868922833,50.67637942526381,12.941191752736309,2.6052083556010937,2.5839958492838035,0.35756011876726035,0.6948617849709413,2.1692141464778354,1306110.0
125,7.869200057983399,7.703986689249675,8.543887396730018,0.02538626176421951,42.61501272855136,12.966099241231472,2.7723008747353246,2.548449591624037,0.3018408253545264,0.6162575930476584,1.9770713193075997,1507510.0
126,7.970800056457519,7.71985335667928,8.579813382667938,0.21126761939260713,26.625383831822617,12.985677279019237,2.9559228338958015,2.507438611280859,0.2683075864551263,0.546667591729152,1.7963570526668005,1857610.0
127,8.082600049972534,7.7337866878509525,8.607271670915125,0.15136467119594893,33.99208959111492,12.955171883223029,3.210028216722039,2.4362859166252475,0.2246184708195802,0.4822577675472377,1.5524284839630127,1517810.0
128,8.106600046157837,7.720786685943604,8.47953552321777,-0.48852773564804497,24.16011299575601,12.91146089674371,3.3017391955719635,2.4024304252929367,-0.12567490774604728,0.36067123248858074,1.6915713718959264,-3389390.0
129,8.133400049209595,7.709986686706543,8.36857334957658,-0.3872017427621862,29.136974932145094,12.866235627060163,3.4005644713590257,2.3664177889252844,-0.37475745513632397,0.2135854949635998,1.5794999258858817,-1559490.0
130,8.129800052642823,7.694120022455851,8.236864599745415,-0.460710414482874,24.96087733860088,12.872038388878515,3.3875617164071317,2.3711191681178456,-0.6166909792770019,0.04753020011547946,1.520214251109532,-2699890.0
131,8.104600048065185,7.6757200209299725,8.107183628317697,-0.4788583711988745,25.3375686873666,12.901982368329046,3.3072177278013246,2.3986911601319303,-0.8055940175584491,-0.12309464341930626,1.4442142418452673,-3140890.0
132,8.089200048446655,7.6521200211842855,7.980235246248732,-0.4752155144728817,26.897132319168563,12.923674639149777,3.2547254577435316,2.4172372953515615,-0.9492007350940366,-0.28831586175425233,1.3156427996499198,-3641290.0
133,8.07940004348755,7.63245335261027,7.861402484014081,-0.07476637429863714,29.459458275203602,12.93772163578032,3.221078451194778,2.4291607961463857,-1.0445142579377436,-0.4395555409909506,1.2577856268201555,-3188690.0
134,8.088800039291382,7.615653352737427,7.752327873805924,-0.10088498443190001,31.539887558443525,12.921473984135197,3.2561260944475663,2.4163369724219077,-1.096916419037238,-0.5710277166002081,1.2101427827562605,-2628490.0
135,8.098000040054322,7.59898668607076,7.644393447382162,-0.001996053577839427,35.37981319594469,12.904781011724754,3.2912190683838887,2.4033904858352164,-1.1318535315443086,-0.6831928795890282,1.1612142154148646,-3189090.0
136,8.100200033187866,7.583253351847331,7.540299577724751,0.012170374212722964,33.61792590184565,12.901066500006408,3.2993335663693246,2.4004332334092706,-1.1471250364501726,-0.7759793109612572,1.101928472518921,-3706990.0
137,8.114800033569336,7.569853353500366,7.447346656100014,0.06160168332332987,13.006996234253876,12.874496950840872,3.3551031162978004,2.379848458635768,-1.1316582420296317,-0.8471150971749322,0.9422856739589146,-3323390.0
138,8.118400030136108,7.5540533542633055,7.350587964451915,0.0060606486796619405,15.245904497034957,12.868125528125287,3.3686745321469296,2.3748627489945893,-1.1218006926518704,-0.9020522162703198,0.8684285708836147,-3629290.0
139,8.126400032043456,7.537586688995361,7.265859026913427,0.021653569914653656,17.1474429879772,12.854542094007092,3.39825797007982,2.364071030981818,-1.0845413481572628,-0.9385500426477085,0.8259285858699253,-2894090.0
140,8.091400032043458,7.523720019658406,7.185629252924338,0.04399995803833008,15.245904497034957,12.88000394416756,3.302796119919355,2.3943019560620513,-1.0405969673827915,-0.9589594275947251,0.7302142551967076,-2309190.0
141,8.040600032806397,7.505186688105265,7.104232032555321,0.024048169919925755,15.42289009647213,12.901659717715564,3.1795403478972295,2.430529842454584,-1.0030838557145634,-0.9677843132186927,0.7185713563646589,-2658990.0
142,7.969800043106079,7.48018669128418,7.027595485998933,-0.0038684682072288143,45.327108009838,12.894950050036593,3.0446500361755646,2.462575003465257,-0.9590712059609867,-0.9660416917671516,0.43857135091509136,-2300090.0
143,7.8766000366210935,7.457986688613891,6.965336841733111,0.09236948521790453,45.07042190459944,12.813568693960317,2.9396313792818693,2.468484328669612,-0.8905248742289,-0.9509383282595013,0.4149999277932303,-1760690.0
144,7.821600027084351,7.435053354899089,6.898853043270107,0.015414243318698383,57.831316302973086,12.813020251794002,2.8301798023746993,2.4957101123548258,-0.8402333113029483,-0.9287973248681908,0.38249993324279785,-2095690.0
145,7.779000024795533,7.4113866901397705,6.840074496293532,0.0344828184694568,63.742697559764984,12.816721059976246,2.7412789896148197,2.5188605175903565,-0.7808854017468398,-0.8992149402439207,0.3857856478009905,-1668790.0
146,7.729000024795532,7.378720026016236,6.771444129873704,-0.003913890490010355,55.61225160068879,12.823681176083113,2.6343188735079517,2.54734057564379,-0.7502181130371808,-0.8694155748025728,0.38578568186078754,-2084090.0
147,7.6762000179290775,7.349986689885458,6.701583566785251,-0.031068023550755334,51.010099793804095,12.829452890205275,2.522947145652881,2.576626436138098,-0.7256187792304782,-0.840656215688154,0.3612142971583775,-2404890.0
148,7.600800018310547,7.320653355916341,6.62112931300416,-0.14522057969548513,40.18265257754428,12.819538432018774,2.3820616046023204,2.6093692068541134,-0.7251991182824886,-0.8175647962070209,0.3576428549630301,-2750690.0
149,7.542000017166138,7.290253356297811,6.533634040591668,-0.16698294452103699,37.13080083883088,12.838857831528383,2.245142202803893,2.6484289071811222,-0.7373467056752645,-0.8015211781006697,0.347428560256958,-3139490.0
150,7.475400018692016,7.262920026779175,6.447609182238579,-0.19629628223319792,36.51452988206095,12.84887416772144,2.101925869662593,2.6867370745147117,-0.7424498159301018,-0.7897069056665562,0.3463571752820696,-3419390.0
151,7.413800010681152,7.233520027796428,6.370840185724053,-0.117878263945566,35.71427426561041,12.853061565235485,1.9745384561268198,2.719630777277166,-0.7260212311366896,-0.7769697707605829,0.3424285820552281,-3180990.0
152,7.348600006103515,7.199786694844564,6.28335625163627,-0.17034067006421916,33.464557468662036,12.866128376059692,1.831071636147339,2.758764184978088,-0.7327963068830625,-0.7681350779850789,0.3427142756325858,-3454590.0
153,7.278800001144409,7.163453359603881,6.202440311971776,-0.09247318201222611,29.875503894435724,12.8655345727831,1.6920654295057194,2.793367285819345,-0.7233716993017252,-0.7591824022484082,0.3337857042040144,-3251690.0
154,7.190400004386902,7.126786694526673,6.115677947170402,-0.0911161433061891,26.43677625430375,12.843558797754188,1.537241211019615,2.8265793966836434,-0.7260917562141547,-0.7525642730415575,0.33521429130009245,-3650090.0
155,7.109000010490417,7.0871200291315715,6.034670976329793,-0.0668202653587705,29.296871798577982,12.824390334456623,1.3936096865242114,2.857695161983103,-0.7151619657654775,-0.7450838115863415,0.3468571731022426,-3219790.0
156,7.034800019264221,7.054453361829122,5.968997609944876,-0.028953150162719363,36.04240077277964,12.795418313018956,1.274181725509485,2.880309146877368,-0.6737194055538671,-0.7308109303798467,0.3536429064614432,-3025590.0
157,6.96240002155304,7.019120027224223,5.894919269308059,-0.01449274026921029,25.88651984589704,12.779609698115319,1.14519034499076,2.90860483828114,-0.6559086482724572,-0.7158304739583689,0.35007149832589285,-3140390.0
158,6.8852000284194945,6.983986694018046,5.821785188543365,-0.04502359948569381,27.037035598021944,12.754383877358787,1.016016179480201,2.934591924469647,-0.6384681899922819,-0.7003580171651516,0.3497143302645002,-3343490.0
159,6.809600028991699,6.949586693445841,5.736224989184966,-0.08771927413433889,20.270263630598677,12.747642047056164,0.8715580109272354,2.969021009032232,-0.6486391419874371,-0.6900142421296087,0.35807149750845774,-3575590.0
160,6.698200030326843,6.910920030275981,5.6442161701935625,-0.16296297648097963,20.68964808505855,12.680405939132177,0.7159941215215095,2.991102954402667,-0.669158957459568,-0.6858431851956006,0.36800006457737516,-4011890.0
161,6.535600037574768,6.881586696306864,5.564050826446072,-0.17431197376345794,26.91029200346935,12.40037588009342,0.670824195056114,2.932387921259327,-0.6608578720823672,-0.680846122572954,0.3847143309456961,-3786390.0
162,6.293400039672852,6.8461866982777915,5.478793935405214,-0.16911760580993365,28.124991980274828,11.622927624645321,0.9638724547003816,2.664763792486235,-0.6635751496474254,-0.6773919279878483,0.3775714806147984,-3936990.0
163,6.113400030136108,6.814720033009847,5.401978486209972,-0.1265509186924061,34.18181203416236,11.186325622989333,1.0404744372828825,2.536462796426613,-0.6477716003687246,-0.6714678624640236,0.3588571718760899,-3759890.0
164,5.943000030517578,6.787320032119751,5.349351876663681,0.11538456751951741,45.67900753079207,10.691329593782886,1.19467046725227,2.374164781632654,-0.5849309696422216,-0.6541604838996632,0.3906428643635341,-3164390.0
165,5.8088000297546385,6.762853364944458,5.304671412408124,0.24188787842706477,45.67901552532087,10.358108473405606,1.259491586103671,2.2746542218254837,-0.517065157680269,-0.6267414186557844,0.39564287662506104,-2898190.0
166,5.668000030517578,6.738053363164266,5.268017627041495,0.21388888925681881,53.77049305912533,9.93686227040008,1.3991377906350753,2.1344311199412513,-0.44523793646147425,-0.5904407222169223,0.38635715416499544,-2658490.0
167,5.53080002784729,6.711253363291423,5.229271845973528,0.26253689597727387,50.98039933722729,9.513175261300074,1.5484247943945055,1.9911876167263922,-0.3910685727577876,-0.5505662923250955,0.387285692351205,-2879290.0
168,5.4098000240325925,6.684120031992594,5.192829820277894,0.2215909698962676,55.43860121703935,9.155106793514932,1.6644932545502535,1.8726533847411695,-0.34257612610397725,-0.5089682590808718,0.3737142426627023,-2737390.0
169,5.300600023269653,6.654120031992594,5.1480129720605206,-0.002462993149165353,50.0,8.872324423911333,1.7288756226279736,1.7858622003208398,-0.3206224869751635,-0.4712991046597302,0.36949993882860455,-3029290.0
170,5.198600015640259,6.624520034790039,5.101424229554107,-0.059382422264783935,42.90779776079237,8.620257365944813,1.7769426653357052,1.7108286751522768,-0.3069480241949254,-0.43842888856676926,0.3594999143055507,-3143990.0
171,5.115000019073486,6.592053368886312,5.0437213230790805,-0.1693363364982082,42.160279150877315,8.480023609732495,1.7499764284144779,1.6825117953295041,-0.3190612108115185,-0.4145553530157191,0.36021418230874197,-3339990.0
172,5.025600008964538,6.559653369585673,4.986712640376736,-0.16121501444270606,42.30768557451428,8.30776493660812,1.743435081320956,1.6410824638217911,-0.3281064731588752,-0.39726557704435034,0.35449990204402376,-3480790.0
173,4.884600009918213,6.525053367614746,4.924880775492578,-0.2069767594015095,45.660375593055164,7.798995532331336,1.9702044875050895,1.4571977612065616,-0.3458130727211799,-0.38697507617971627,0.33949986525944303,-3669690.0
174,4.767400002479553,6.49012003103892,4.86351289782996,-0.17037043534406332,49.38775065341305,7.430676463664327,2.1041235412947783,1.3316382305923873,-0.3597334941722492,-0.38152675977822287,0.3167141505650112,-3843990.0
175,4.649400005340576,6.450720030466716,4.805728082421106,-0.14393937569493598,45.37445322578799,6.999161236817504,2.2996387738636477,1.1748806157384641,-0.36414710114581395,-0.3780508280517411,0.3081427131380354,-3667990.0
176,4.529600005149842,6.413186694780985,4.753346590114797,-0.04407715724144853,51.86915721255241,6.449812328185726,2.609387682113957,0.9601061615179424,-0.3570734705172596,-0.3738553565448448,0.3074284281049456,-3537090.0
177,4.408000011444091,6.372120030721029,4.692431039431225,-0.10863506289967073,42.98245751626606,5.796894705655279,3.0191053172329037,0.694447347105594,-0.36900069889623666,-0.3728844250151232,0.3131427253995623,-3757890.0
178,4.361000013351441,6.330120029449463,4.626061194747648,-0.12023462624952133,22.68041465168153,5.778535932908484,2.9434640937943968,0.7087679597785219,-0.390094677083638,-0.3763264754288262,0.2881427322115217,-4153090.0
179,4.308400011062622,6.290520029067993,4.56307840204878,-0.10119045380494422,17.127069203299925,5.725890489254274,2.8909095328709693,0.7087452390958263,-0.40058033471115495,-0.38117724728529195,0.2909998893737793,-3864490.0
180,4.2658000087738035,6.252053365707398,4.497075331946511,-0.15044247040743763,8.379893774531126,5.724651004015271,2.8069490135323356,0.729425497620734,-0.41539865599411563,-0.3880215290270567,0.2974284717014858,-4193690.0
181,4.235000014305115,6.220053369204203,4.453660617160537,-0.02305473286641311,29.86425354011091,5.701620407040045,2.768379621570184,0.7333101963674653,-0.3815908041304876,-0.38673538404774294,0.3204285076686314,-3838990.0
182,4.2044000148773195,6.190320034027099,4.409987648415783,0.043749957624823484,28.571427050902244,5.680756000520777,2.728044029233862,0.7381779928217287,-0.3547431769554352,-0.3803369426292814,0.32828567709241596,-4011190.0
183,4.174000020027161,6.162853366533915,4.371556762860545,0.14333335558573404,35.09615544428085,5.650288774126778,2.697711265927543,0.7381443770498087,-0.32248655458101316,-0.3687668650196278,0.3171428442001343,-3898490.0
184,4.140800023078919,6.137986699740092,4.334240814367738,0.1324503635409675,36.50000417232414,5.6085643106378145,2.673035735520023,0.7338821437794479,-0.29433693167981945,-0.35388087835166615,0.3202857289995466,-4053890.0
185,4.112000021934509,6.113720033963522,4.303878427246632,0.2361110421242565,48.0662940488102,5.5674107340521,2.656589309816919,0.7277053560587953,-0.2577600362776993,-0.3346567099368728,0.31100002356937956,-3923690.0
186,4.08000002861023,6.08765336672465,4.268040061664575,0.0,44.845365892625615,5.526950361836344,2.6330496953841154,0.7234751666130573,-0.2397267288127889,-0.315670713712056,0.30742859840393066,-4049990.0
187,4.045600028038025,6.061320033073425,4.235960061116306,0.03293417255723563,51.09889994725972,5.468360535044214,2.6228395210318354,0.7113802535030948,-0.21807982036284956,-0.2961525350422147,0.30028574807303293,-3966090.0
188,4.01080002784729,6.030386699040731,4.196902804191618,-0.055393601610069135,46.96969988881024,5.42537048791363,2.5962295677809504,0.7072852300331701,-0.21538689148230983,-0.27999940633023374,0.30028574807303293,-4102990.0
189,3.973600025177002,5.993653364181519,4.162906612800027,-0.026315833502968383,48.52940712420522,5.359127302605985,2.5880727477480194,0.6927636387144913,-0.20364301511530591,-0.26472812808724816,0.2924286127090454,-3988190.0
190,3.9374000310897825,5.955720028877258,4.133380866644367,-0.04213479195500693,48.529413139668875,5.284043993730485,2.5907560684490805,0.673321981320351,-0.18573947494186704,-0.24893039745817194,0.2910714830671038,-3848090.0
191,3.9086000299453736,5.926453359921774,4.11520907094435,0.08259585921094986,61.5763555476422,5.213842263097602,2.603357796793145,0.6526211165761142,-0.14885505562439016,-0.2289153290914156,0.2917857681001936,-3727390.0
192,3.8828000259399413,5.899920024871826,4.105200867969899,0.11884053383923221,71.2871288297317,5.137922025330719,2.6276780265491633,0.6275609996953889,-0.10310397168918684,-0.20375305761096985,0.28392861570630756,-3551190.0
193,3.849800024032593,5.876920026143392,4.092840048122178,0.16975307120289898,68.59903609772998,5.021824176349563,2.677775871715623,0.586012076158485,-0.07166817158052785,-0.17733608040488147,0.27607148034232004,-3737390.0
194,3.8210000228881835,5.858453359603882,4.082532592262722,0.15015015359025455,74.11167285385133,4.919014915909773,2.7229851298665944,0.5490074465107946,-0.043031372013325075,-0.1504751387265702,0.2689286300114223,-3610990.0
195,3.7870000219345092,5.844453358650208,4.067531316004722,0.08504397494241772,59.748427861570846,4.786291583308532,2.787708460560486,0.49964578068701165,-0.030475107510736787,-0.12647513248340353,0.24571432386125838,-3725090.0
196,3.761200017929077,5.830453357696533,4.057039889977724,0.03542230880649351,64.0243966263177,4.687096254418581,2.8353037814395727,0.4629481182447521,-0.0123130833000058,-0.10364272264672399,0.23500001430511475,-3640990.0
197,3.742000026702881,5.818986692428589,4.055979510363239,0.0440415335058718,66.85394138839214,4.601311558232578,2.8826884951731833,0.42965576576484865,0.020404341773866186,-0.07883330976260595,0.24142857960292272,-3364690.0
198,3.7350000286102296,5.806120026906331,4.065548948809185,0.1345647055448739,71.5686357007603,4.569464287166383,2.900535770054076,0.41723212927807685,0.06734358392247453,-0.04959793102558986,0.24507142816271102,-2974890.0
199,3.7294000339508058,5.7863866933186845,4.067292132523115,0.07310710584490317,63.1579013412359,4.549558412356506,2.909241655545106,0.41007918920284997,0.08819519546949639,-0.022039305726572613,0.2525714124952044,-3158390.0
200,3.7250000286102294,5.767653360366821,4.069359103230409,0.11351346823314115,68.9119154342709,4.5340735661117,2.9159264911087592,0.40453676875073513,0.10432455572819732,0.003233466564381374,0.2599285330091204,-3035990.0
201,3.7200000286102295,5.750720024108887,4.076050894127968,0.11578942745346053,69.84924394335796,4.51270142875981,2.9272986284606497,0.39635070007478995,0.12534527551134333,0.027655828353773768,0.2756428377968924,-2860590.0
202,3.7234000301361085,5.738453356424968,4.085225366624108,0.06947883831115409,78.91892233236302,4.524864100112573,2.9219359601596433,0.4007320349882326,0.14597012350233562,0.05131868738348614,0.2752857037952968,-2681390.0
203,3.7344000339508057,5.729520022074381,4.11207927306734,0.10930227194044105,82.43243678631487,4.577689616020578,2.891110451881033,0.42164479103488633,0.19716087498845747,0.08048712490448041,0.31664284637996126,-1983790.0
204,3.7514000368118285,5.720453357696533,4.140625189911283,0.17761557064701927,82.35294561865905,4.648288191306062,2.8545118823175955,0.44844407724711655,0.24060480081537605,0.11251066008665954,0.3308571236474173,-1626590.0
205,3.7776000356674193,5.713720026016236,4.188443815150621,0.3009709423297848,84.21053038003153,4.780376290145199,2.77482378118964,0.5013881272388896,0.31338160954780747,0.15268484997888915,0.3558570998055594,-1096490.0
206,3.8042000341415405,5.711453358332316,4.247328373663164,0.34198121801310943,85.05747577927481,4.932710651859178,2.675689416423903,0.5642553088588187,0.39315395663326846,0.200778671309765,0.4058570861816406,-300490.0
207,3.83800003528595,5.708053356806437,4.307040985712707,0.3387471131160645,87.78626155647663,5.094233487950509,2.5817665826213902,0.6281167263322797,0.4575550320912125,0.2521339434660545,0.4351427895682199,388210.0
208,3.864600033760071,5.703320023218791,4.348333501312774,0.1236897599469781,75.58528974796842,5.191749586536361,2.5374504809837806,0.6635747763881453,0.4700908722479955,0.2957253292224427,0.46157135282244,-166090.0
209,3.9034000301361083,5.700053354899088,4.396634145328196,0.1528925098736815,80.51948162531819,5.314525572433372,2.492274487838844,0.705562771148632,0.4921050793120676,0.3350012792403677,0.47649993215288433,142610.0
210,3.939000029563904,5.693053356806437,4.426962221052343,-0.035447770986505776,70.20649372104559,5.386600452875386,2.491399606252422,0.7238002116557409,0.47103810181301586,0.36220864375489736,0.5059285163879395,-199990.0
211,3.9758000326156617,5.688920024236043,4.46668919501972,-0.04393673066536381,70.5539375218087,5.480644415656929,2.4709556495743943,0.7524221915206338,0.47070313955219145,0.3839075429143562,0.5309285266058785,29010.0
212,4.015600032806397,5.682320025761922,4.502505309506826,-0.06759096495230348,66.77018872685636,5.561898651538189,2.4693014140746046,0.7731493093658962,0.46029024616825254,0.3991840835651355,0.5327142477035522,-187290.0
213,4.068400030136108,5.680520025889079,4.567505095307033,0.1492536742481697,76.90289052253982,5.722181646931866,2.4146184133403503,0.8268908083978791,0.5091087243959942,0.4211690117313073,0.589499967438834,1324210.0
214,4.109400033950806,5.673853359222412,4.627995096805361,0.09498211775177601,75.84416610633124,5.861079867865072,2.3577202000365385,0.8758399169571336,0.537566429882915,0.44444849536162884,0.6035714319774083,569610.0
215,4.133600034713745,5.665386692682902,4.659054115608836,0.04835589870613882,63.34842239150065,5.923958625062543,2.3432414443649474,0.8951792951743988,0.4986935002168149,0.4552974963326661,0.6471428189958844,-215190.0
216,4.152600040435791,5.655920028686523,4.684973568787367,-0.022058802260453536,61.348320096901915,5.973108221104159,2.3320918597674236,0.9102540903341839,0.45457718400953073,0.455153433868039,0.6648571150643485,-791490.0
217,4.168800039291382,5.649653361638387,4.700856964230525,-0.05390333748778437,53.79147227355003,6.008252688769794,2.3293473898129697,0.9197263247392061,0.3964851719665141,0.4434197814877341,0.636357137135097,-1161890.0
218,4.183200035095215,5.642786693572998,4.713372376649976,-0.18506491797471772,52.13269997589825,6.038053326514494,2.3283467436759357,0.9274266457096397,0.34086907850151604,0.4229096408904905,0.6249285766056606,-1525290.0
219,4.206800031661987,5.639733359018962,4.733632284195996,-0.14402620216224965,48.33759397414249,6.084620935327118,2.328979127996856,0.9389104518325654,0.31016280799221274,0.400360274310835,0.6185000623975482,-1030990.0
220,4.22620002746582,5.634333359400431,4.741332972201589,-0.09040594853466712,40.206180499125715,6.113631685019542,2.3387683699120982,0.9437158287768609,0.25863893060587895,0.3720160055698438,0.5706429481506348,-1404690.0
221,4.26120002746582,5.632866694132487,4.766378742485485,0.011278184369081271,45.411765761854035,6.1683065870589555,2.3540934678726857,0.9535532797965673,0.2512212269226852,0.3478570498404121,0.5849286828722272,1010.0
222,4.313400025367737,5.6396000258127845,4.822599176476844,0.218074582200728,59.01287327477786,6.287231315346109,2.3395687353893653,0.9869156449891859,0.3079597968215717,0.33987759923664407,0.5992143835340228,3006010.0
223,4.360600023269654,5.644600025812784,4.859752149200361,0.14940239100590127,51.95071951015208,6.358972463390597,2.3622275831487105,0.9991862200604714,0.31460159836409574,0.3348223990621344,0.6050000871930804,1700910.0
224,4.413600029945374,5.6514000288645425,4.904859917031007,0.14913961892232067,58.936172198688105,6.443964477012898,2.3832355828778504,1.0151822235337618,0.33536540455636477,0.3349310001609805,0.5898572376796177,2721410.0
225,4.464400024414062,5.661000029246012,4.945061482180325,0.20283976365512235,55.43236969235864,6.517209586882654,2.41159046194547,1.026404781234296,0.34142971757470963,0.33623074364372635,0.5741429328918457,1702210.0
226,4.509200024604797,5.669866695404052,4.97505907261039,0.06133827447703462,53.53318970358496,6.571181794032567,2.447218255177027,1.0309908847138851,0.3247401822025724,0.33393263135549556,0.5879286697932652,810110.0
227,4.563600025177002,5.684733362197876,5.012115582558764,-0.04516124864274451,47.07317379526522,6.628121558261082,2.4990784920929214,1.0322607665420402,0.3247157323791168,0.33208925156021984,0.5479286738804409,1794810.0
228,4.616400022506713,5.69466669400533,5.0367384956539345,-0.022530349197686355,44.572746284139825,6.652541868547715,2.5802581764657124,1.0180709230205005,0.2986599132748422,0.3254033839031443,0.5445715359279087,1134410.0
229,4.673800020217896,5.705200026830037,5.0701997258826275,-0.019966781668254007,56.04112713493373,6.687949504844292,2.6596505355914997,1.007074742313198,0.29478529815582455,0.31927976675368036,0.5131429944719587,1859910.0
230,4.72060001373291,5.705400025049846,5.076074238208472,-0.11973019539629391,48.87891973955716,6.672404650384266,2.7687953770815548,0.9759023183256776,0.23494295488920525,0.30241240438078537,0.5336429732186454,911610.0
231,4.758000016212463,5.699200026194254,5.083287022156447,-0.07880907289996658,51.99063255387421,6.677128217015989,2.838871815408938,0.9595641004017628,0.18857143370814544,0.2796442102462574,0.5336429391588483,1541110.0
232,4.801800022125244,5.698466695149739,5.10080518637809,-0.06587835497626285,55.704698988892154,6.6885256786114855,2.9150743656390024,0.9433628282431208,0.17162996762928007,0.25804136172286196,0.5357858112880162,2041110.0
233,4.836800017356873,5.696733360290527,5.103910858611837,-0.08156029238234867,49.45769876603688,6.6841740577432125,2.9894259769705327,0.9236870201931701,0.12848058380205085,0.23212920613869975,0.530071496963501,1456410.0
234,4.892400012016297,5.707333358128865,5.146894739029613,0.0526315704255711,61.91369285414522,6.733054542489363,3.0517454815432306,0.920327265236533,0.1745774401503306,0.22061885294102593,0.5800714833395821,2276410.0
235,4.955800013542175,5.721933358510335,5.208977299031334,0.2892720861251983,62.47689081092706,6.827252953699995,3.084347073384356,0.9357264700789096,0.25098294331218085,0.22669167101525692,0.5779286112104144,3784910.0
236,5.0234000110626225,5.734533357620239,5.2701938747919295,0.28707218371465193,56.15550735920152,6.908133987809796,3.1386660343154484,0.942366988373587,0.31117548042940246,0.24358843289808604,0.5565000602177211,4714410.0
237,5.082000012397766,5.747466691335043,5.313715688111498,0.15370702936411396,56.644879336866225,6.949177296722199,3.214822728073333,0.9335886421622167,0.32367761582519083,0.259606269483507,0.5515000820159912,3918210.0
238,5.150000009536743,5.759733355840047,5.365726832361463,0.2818532985579726,56.83296625845209,6.990829446373834,3.309170572699653,0.920414718418545,0.3505248233117779,0.27778998024916124,0.5617858001164028,4572010.0
239,5.224600009918213,5.774866689046224,5.432168915122956,0.13870970322115816,61.414140810858086,7.066702643277569,3.382497376558856,0.9210513166796783,0.4010686549408229,0.3024457151874936,0.5639286722455706,5141710.0
240,5.2938000059127805,5.77420002301534,5.488554443375353,0.020802357516912662,61.78861386762345,7.1175341604539355,3.4700658513716256,0.9118670772705775,0.4209412403426782,0.32614482021853053,0.5551429476056781,4380410.0
241,5.3594000005722044,5.769533354441325,5.5458660263514235,0.026587862458751298,60.751560919668385,7.180695354268954,3.5381046468754547,0.9106476768483749,0.4380956388837287,0.3485349839515702,0.5701429503304618,6275910.0
242,5.379200000762939,5.743933356602986,5.518577158833037,-0.23981194080941237,44.02420658921081,7.154917531093979,3.603482470431899,0.8878587651655201,0.2790217919137641,0.334632345544009,0.6999286242893764,-6252490.0
243,5.403199996948242,5.7098666858673095,5.497848633824611,-0.2484939952627951,43.07692285120136,7.122798578996175,3.683601414900309,0.8597992910239663,0.1623796300254483,0.30018180244029685,0.6820714814322335,-2951690.0
244,5.424799995422363,5.689133348464966,5.474795740239807,-0.3045325938800179,47.37732719313413,7.090013008499059,3.7595869823456676,0.8326065065383479,0.06276108044380102,0.2526976580409977,0.6456429277147565,-5201790.0
245,5.450799994468689,5.672266680399577,5.4561762994460885,-0.27219795003051894,47.81879004011992,7.045182129818209,3.8564178591191682,0.7971910676747601,-0.008823367374623636,0.20039345295787345,0.644214357648577,-3434690.0
246,5.474199991226197,5.654800011316936,5.43711055398513,-0.2848920968938621,45.10489166543706,7.002673055764675,3.945726926687718,0.7642365322692393,-0.06720067664870388,0.146874627036558,0.6427857535226005,-5509790.0
247,5.507399988174439,5.641866677602132,5.447027789406124,0.17319591115569893,54.18719389247565,6.978885730627113,4.035914245721765,0.7357428712263369,-0.054736146355172544,0.10655247235821189,0.6602857794080462,-1829290.0
248,5.550399980545044,5.628733342488607,5.486360025479026,0.29258519140569306,52.14408236081997,7.003413492010176,4.097386469079912,0.7265067557325658,0.016280045876714944,0.0884979870619125,0.6638572216033936,4102010.0
249,5.607599973678589,5.626333341598511,5.544541977036384,0.4195519362114228,52.06185381187905,7.054333413990409,4.160866533366769,0.72336672015591,0.11321546509667169,0.09344148266886435,0.6645714896065849,9634810.0
250,5.661199979782104,5.62053334236145,5.59377563247554,0.3600000381469727,50.25210263171667,7.081315738282372,4.241084221281836,0.7100578792501339,0.17431059227704537,0.10961530459050056,0.6617143494742257,5899410.0
251,5.702399988174438,5.61206667582194,5.621470713191592,0.26760572569197755,49.33993456471688,7.072885111405019,4.331914864943857,0.6852425616152904,0.18030465952916774,0.12375317557823401,0.6842143535614014,3023810.0
252,5.74939998626709,5.6071333408355715,5.662197345906122,0.1704744781084398,50.162337524107954,7.0857392031674244,4.413060769366755,0.6681696084501673,0.21166403344135976,0.14133534715085916,0.6853572300502232,4833510.0
253,5.779599990844726,5.597600008646647,5.686424909196406,-0.026356527826960595,43.62745204980799,7.093661800036256,4.465538181653197,0.6570309045957647,0.20350785634501278,0.1537698489896899,0.6860714980534145,3406510.0
254,5.821999988555908,5.587933343251546,5.73636903190035,-0.0014346846980898944,50.68078797464063,7.149062089602719,4.4949378875090975,0.6635310505234056,0.2490435118054295,0.17282458155283784,0.7100000381469727,6498210.0
255,5.850599985122681,5.579066677093506,5.777687891898494,-0.0014706218531378057,48.80597108402043,7.198495741628851,4.502704228616511,0.6739478782530851,0.26832023279734507,0.19192371180173928,0.6897143295833043,4219510.0
256,5.8679999828338625,5.569000012079875,5.808366795854614,0.04126980066239491,67.70186752374956,7.229823470888258,4.506176494779467,0.6809117440271978,0.26201771657948125,0.2059425127572877,0.5632857595171247,2926510.0
257,5.87939998626709,5.559933347702026,5.829215162785331,-0.04804800332669103,63.74746115718595,7.2474040890928375,4.511395883441342,0.6840020514128738,0.236544050050715,0.21206282021597317,0.5750714710780552,1929910.0
258,5.894599981307984,5.548133347829183,5.840618485247046,-0.025477757787232685,61.980200207428915,7.255921117004484,4.533278845611483,0.6806605678482504,0.1963405116677519,0.20891835850632892,0.5793571472167969,772310.0
259,5.89939998626709,5.537466681798299,5.839809923929962,-0.16379308336744045,57.794680218514756,7.257882980400318,4.540916992133862,0.6792414970666137,0.13867291311754837,0.19486926942857283,0.5893571376800537,-802390.0
260,5.919199981689453,5.518800013860067,5.852366391517497,-0.09278352253023983,60.682230054225045,7.263070955317233,4.575329008061673,0.67193548681389,0.11903390932052371,0.17970219740696303,0.5961428369794574,597010.0
261,5.933399982452393,5.481600017547607,5.864038301472396,-0.06249997728481505,54.73251287215637,7.271596202082033,4.595203762822753,0.6690981098148198,0.1014930126290281,0.16406036045137604,0.5775713920593262,-623890.0
262,5.934799976348877,5.414600016276042,5.847801497856425,-0.14037859966919236,39.58332960804171,7.27077773681718,4.598822215880574,0.6679888802341516,0.03075305065882361,0.13739889849286555,0.5518570968082973,-2580890.0
263,5.917399978637695,5.3664000129699705,5.825926927817076,-0.13562090510239144,31.081075130773186,7.264025758585844,4.570774198689546,0.6733128899740747,-0.03778397917587828,0.10236232295911679,0.5189999512263707,-3659190.0
264,5.901799974441528,5.318066679636638,5.806478810008802,-0.08419247998328612,32.946626746568825,7.2573611020475095,4.546238846835546,0.6777805638029908,-0.08785961551762966,0.0643179352637675,0.5013571126120431,-2449990.0
265,5.897399969100952,5.279933344523112,5.78269531978356,-0.15584416589722486,36.04059943050616,7.260750058700102,4.5340498795018025,0.6816750447995751,-0.1364617942534041,0.02416198936033318,0.46242853573390413,-3343690.0
266,5.899199962615967,5.239933344523112,5.768079811063111,-0.12032524170409968,33.50923051295614,7.259673134268403,4.538726790963531,0.6802365858262179,-0.1562331643594126,-0.011917041383615974,0.4467142309461321,-2444190.0
267,5.906399955749512,5.202000007629395,5.755606085502406,0.0,37.971006360179636,7.253134578708705,4.559665332790319,0.6733673114795968,-0.1667522389743139,-0.042884080901755564,0.43814284460885183,-1515190.0
268,5.910999956130982,5.168000005086263,5.735778395874861,-0.007561429516346501,21.21211391433627,7.246904488301709,4.575095423960255,0.6679522660853634,-0.18904776952310076,-0.0721168186260246,0.41028571128845215,-2244990.0
269,5.907399959564209,5.1382666714986165,5.708885132928194,-0.05253278367338175,20.999994595843816,7.251738441650939,4.563061477477479,0.672169241043365,-0.22031578799104334,-0.10175661249902836,0.39749997002737864,-2906490.0
270,5.909799966812134,5.111533336639404,5.683046507744142,-0.02884608154465901,22.743677214526357,7.2474280316164945,4.572171902007773,0.6688140324021804,-0.24230280202728327,-0.12986585040467935,0.3720714364733015,-2906490.0
271,5.897799968719482,5.091333338419596,5.647632927432935,-0.11645095293396766,22.34041887619597,7.265260236294562,4.530339701144403,0.6837301337875397,-0.27830626959936033,-0.15955393424361555,0.3670714242117746,-3832690.0
272,5.865999975204468,5.068333336512247,5.6069414453184825,-0.15412838626575948,22.743677214526357,7.278001003970869,4.453998946438067,0.7060005143832006,-0.3169037927906828,-0.191023905953029,0.3692143304007394,-4954390.0
273,5.84379997253418,5.0296666685740155,5.569806480694703,-0.1123809814453125,26.984111666222944,7.296284905683436,4.391315039384924,0.7262424665746281,-0.3395439971135179,-0.2207279241851268,0.3506429195404053,-4435890.0
274,5.827399969100952,5.002800000508627,5.554912111146694,0.027722744791663714,32.103322007129336,7.290702403866506,4.364097534335398,0.731651217382777,-0.31113338265679946,-0.23880901587946135,0.36385723522731234,-2969290.0
275,5.811599969863892,4.975133333206177,5.538641042728612,0.017821717297328635,31.636359474875704,7.2873874625067305,4.335812477221053,0.7378937463214197,-0.2893172938657784,-0.24891067147672477,0.35492866379874094,-3898090.0
276,5.797799968719483,4.945533332824707,5.518302177559902,0.05020915493386279,40.09216802514009,7.290275185946035,4.305324751492931,0.7462376086132761,-0.2785004938733575,-0.2548286359560513,0.32685722623552593,-4513890.0
277,5.778599967956543,4.916733334859212,5.496407976014297,0.07592188600778807,42.028986174945366,7.289247935777391,4.267952000135695,0.7553239839104242,-0.2716383184443485,-0.25819057245371074,0.3093572344098772,-5263990.0
278,5.768399972915649,4.915266669591268,5.482039040266322,0.10085842970355872,45.45454939534876,7.289717111685475,4.247082834145823,0.760658569384913,-0.2496051171537923,-0.25647348139372705,0.30628579003470285,-4574290.0
279,5.747799978256226,4.910000003178914,5.4576453576486,-0.06358379962769951,42.73504865675566,7.290145323127536,4.205454633384916,0.7711726724356553,-0.2510365947675366,-0.255386104068489,0.3054286071232387,-5493690.0
280,5.740399980545044,4.908933334350586,5.433816124196991,-0.0564202275069923,36.91588837107737,7.296569825434035,4.184230135656054,0.7780849224444951,-0.25009504597380783,-0.2543278924495528,0.31007143429347445,-6553590.0
281,5.72839997291565,4.907133334477742,5.403470387852486,-0.0717131742793276,32.75109224862665,7.3087556987547595,4.14804424707654,0.7901778629195549,-0.2616639790222468,-0.2557951097640916,0.31214284896850586,-7422390.0
282,5.707999973297119,4.904733336766561,5.368432342402657,-0.09072576729923858,33.48214627832817,7.32472377484188,4.091276171752359,0.8083619007723802,-0.279711813754667,-0.2605784505622067,0.3033571243286133,-8172590.0
283,5.696599979400634,4.902466672261556,5.338689902838412,-0.1013645164378685,39.71962418990598,7.336393910467138,4.05680604833413,0.8198969655332521,-0.28268705582499454,-0.2650001716147643,0.30285712650844027,-7561990.0
284,5.663799982070923,4.899000005722046,5.308153041659632,-0.06172843261177539,38.81278001934783,7.3279226456654385,3.999677318476408,0.8320613317972576,-0.2857852002313086,-0.26915717733807315,0.30828567913600374,-8363390.0
285,5.627799978256226,4.89853333791097,5.293323503882338,0.01649482995445861,53.275100895829205,7.2755778775638,3.980022078948652,0.823888949653787,-0.25544004956223887,-0.2664137517829063,0.3143571104322161,-7146690.0
286,5.589599981307983,4.897666673660279,5.276330430534576,0.042918517736296354,55.707763650718235,7.217740045329018,3.9614599172869487,0.8140700320105172,-0.23433838239082938,-0.25999867790449094,0.3136428083692278,-8026790.0
287,5.563199977874756,4.896933339436849,5.267846881995163,0.12195114988587627,58.54701176911705,7.181808265316669,3.9445916904328433,0.8093041437209566,-0.19918081355571626,-0.24783510503473602,0.3250713688986642,-6837390.0
288,5.536599979400635,4.899133338928222,5.269499943202393,0.15184377201557614,52.91261933663137,7.12643814128033,3.9467618175209402,0.7949190809398474,-0.14942282300335474,-0.22815264862845977,0.3072142260415213,-5806790.0
289,5.502999982833862,4.900400005976359,5.273833283250963,0.17982460130504893,55.76923826389964,7.031244246825568,3.9747557188421565,0.7641221319958528,-0.10315175889956141,-0.2031524706826801,0.303642783846174,-4757090.0
290,5.462799987792969,4.898000008265178,5.257604532280902,-0.014198721554075222,46.774196029330106,6.949453731698803,3.976146243887134,0.7433268719529174,-0.10720546203859538,-0.18396306895386316,0.34314278193882536,-8811590.0
291,5.418799991607666,4.895600007375081,5.237698472191455,-0.022633771706269495,45.849801179616094,6.855170918068915,3.982429065146417,0.7181854632306246,-0.11793466503997152,-0.17075738817108485,0.35192850657871794,-10318990.0
292,5.425599994659424,4.895866673787435,5.235827946114161,0.025691722512057338,51.07142765911249,6.8541780371912875,3.997021952127561,0.7142890212659315,-0.08989703131645577,-0.15458531680015905,0.3819285120282854,-7842290.0
293,5.44039999961853,4.897800006866455,5.255207243092958,0.0790960604180524,64.16938065215176,6.865887851718201,4.01491214751886,0.7127439260498349,-0.023828836640906736,-0.1284340207683086,0.39992853573390413,-4460690.0
294,5.468200006484985,4.904666674931844,5.296179515549503,0.17100372801563601,69.97245772536043,6.905633588267537,4.030766424702434,0.7187167908912757,0.07367564680313343,-0.0880120872540202,0.428142854145595,-1245190.0
295,5.492600002288818,4.910133339564005,5.332407761613901,0.2798353126162965,72.15909021637164,6.938984971759077,4.0462150328185595,0.7231924847351295,0.1428466415173455,-0.04184034149974706,0.4289285455431257,-3643890.0
296,5.510200004577637,4.9152000045776365,5.352705492712672,0.23157892729106702,67.91443298009563,6.952038310589655,4.068361698565619,0.7209191530060091,0.1658968984537692,-0.0002928935090438044,0.4512857028416225,-5598990.0
297,5.50960000038147,4.91966667175293,5.364756251720493,0.09055872543542169,63.70756663300587,6.951157852919021,4.068042147843919,0.7207789262687755,0.1669089538997186,0.03314747597270868,0.46914284569876535,-7697090.0
298,5.489400005340576,4.924933338165284,5.36770698919108,-0.05061081341844724,61.000001430511475,6.905248525102207,4.073551485578944,0.7079242598808155,0.14824993767940864,0.056167968314048675,0.4784285681588309,-9249890.0
299,5.457800006866455,4.9316000048319495,5.368581219673218,-0.14444449153947098,56.25,6.807764716856821,4.107835296876089,0.6749823549951829,0.1279529731441409,0.07052496928006712,0.47128571782793316,-10934590.0
300,5.425600004196167,4.937266670862834,5.361578036831934,-0.16559481796050915,54.33070718321934,6.720577153755594,4.130622854636741,0.6474885747797132,0.09463823867348875,0.07534762315875145,0.473428555897304,-12853790.0
301,5.407399997711182,4.943266671498616,5.362692618386979,-0.07863248643520529,54.33070718321934,6.677558623216283,4.137241372206081,0.6350793127525507,0.08341285327548409,0.07696066918209797,0.4732142857142857,-11183490.0
302,5.390600004196167,4.954466673533122,5.380626247927151,0.02826860928669877,56.39097915086671,6.614514149237463,4.166685859154871,0.6119570725206482,0.10796948047596455,0.08316243144087129,0.4874999863760812,-8166190.0
303,5.385,4.966333341598511,5.404915414675107,0.1029411648693383,57.56097351065161,6.594784905779532,4.1752150942204675,0.6048924528897663,0.1403375424466473,0.0945974536420265,0.5005714212145124,-5271890.0
304,5.371599998474121,4.981666674613953,5.4396246126036525,0.16697590309111687,68.47544824844914,6.5236441766,4.2195558203482415,0.5760220890629398,0.18723174701655054,0.11312431231693132,0.46628570556640625,-2827090.0
305,5.354799995422363,4.994333338737488,5.459639326198221,0.146435403403772,64.63414265384742,6.445272530600036,4.26432746024469,0.5452362675888365,0.1947160062649731,0.12944265110653969,0.47857141494750977,-5230690.0
306,5.340999994277954,5.004400003751119,5.4757318971535485,0.0890538090841285,59.090906193260054,6.385724303164017,4.296275685391891,0.5223621544430314,0.19197899602134605,0.14194992008950097,0.45999997002737864,-7219490.0
307,5.331999988555908,5.016466670036316,5.491977699872453,0.012027438618483174,52.48446947427967,6.348982252666092,4.315017724445724,0.5084911320550919,0.18924226002379374,0.15140838807635953,0.4521428516932896,-5263490.0
308,5.315999994277954,5.025066669782003,5.4852334830798615,-0.11333330472310384,34.7826074079471,6.307226754497114,4.324773234058794,0.4956133801095801,0.13947142556652903,0.14902099557439344,0.43999998910086496,-7689290.0
309,5.309199991226197,5.037333335876465,5.485028249197259,-0.12877582634212226,38.78787966361298,6.290933831539249,4.3274661509131445,0.49086692015652633,0.11165128468198482,0.14154705339591173,0.43214283670697895,-6313290.0
310,5.296199998855591,5.051466670036316,5.486007542518223,-0.073949511678664,44.256761382757084,6.24872946412242,4.343670533588762,0.47626473263341446,0.09097567782345539,0.13143277828142047,0.43428570883614676,-4572190.0
311,5.278999996185303,5.0627333370844525,5.478320970727431,-0.09880748467013184,43.81271047019656,6.199108619454729,4.358891372915877,0.4600543116347131,0.05619020182859469,0.11638426299085532,0.4371428830283029,-6587090.0
312,5.27,5.0734666697184245,5.459563285600865,-0.15110354612225732,42.810456446924206,6.192082761271264,4.347917238728735,0.46104138063563194,0.005162379498720782,0.09413988629242842,0.44428573335920063,-8662890.0
313,5.260600004196167,5.082133337656657,5.4344823791718655,-0.0939849593733858,41.06583432911095,6.1913920930059,4.329807915386434,0.46539604440486637,-0.04923447478102716,0.0654650140777373,0.4421428952898298,-10704390.0
314,5.252600002288818,5.087933336893718,5.414698749727425,-0.1003649979599549,45.80644714720581,6.187822798189489,4.317377206388147,0.4676113979503357,-0.08251711478343093,0.03586858830550366,0.4356428895677839,-9244190.0
315,5.245600004196167,5.092200002670288,5.392553696978607,-0.1197822680278189,40.939596563699695,6.187644269147839,4.303555739244494,0.47102213247583613,-0.11403465155065895,0.0058879403342711354,0.43085718154907227,-10644190.0
316,5.230800008773803,5.094200003941854,5.364218260873326,-0.11720224764272079,28.937719980514302,6.185469161429602,4.276130856118005,0.4773345763278993,-0.1517872988391673,-0.025647107500416554,0.41728574889046804,-12617490.0
317,5.2166000080108645,5.097266667683919,5.339739104412339,-0.05200004577636719,25.954184302368745,6.179050999493086,4.254149016528643,0.48122549574111084,-0.17405179272493676,-0.0553280445453206,0.391714300428118,-11525290.0
318,5.206600008010864,5.100266666412353,5.316612080709895,-0.014522856673934312,17.09400664393334,6.1779832387940665,4.235216777227661,0.48569161539160155,-0.1887142492462912,-0.08200528548551472,0.3752857616969517,-10461690.0
319,5.198600006103516,5.104266665776571,5.290470434225877,-0.05679507965937383,19.047610397507555,6.181764446281827,4.215435565925205,0.49158222008915575,-0.20602853949158817,-0.10680993628672941,0.3595714569091797,-11799890.0
320,5.18460000038147,5.106866664886475,5.253589236986923,-0.10309278553230808,17.241368679310668,6.195933373438005,4.173266627324934,0.5056666865282677,-0.24117760216983974,-0.1336834694633515,0.35885718890598844,-13698690.0
321,5.1769999980926515,5.111999998092651,5.220115153001846,-0.057815840795613506,18.297869491058393,6.206295343107023,4.14770465307828,0.5146476725071857,-0.2619789596834119,-0.15934256750736359,0.34314288411821636,-11557590.0
322,5.169599990844727,5.11633333047231,5.181679255673074,-0.1054852371611086,22.164938951326974,6.22062443521341,4.118575546476044,0.5255122221843417,-0.2880543629782215,-0.1850849266015352,0.3144286019461496,-13252990.0
323,5.166599998474121,5.123666664759318,5.155338901681261,-0.05052626760382401,26.3414762361883,6.2243959831893125,4.108804013758929,0.528897992357596,-0.28366264114567663,-0.2048004695103635,0.3222857543400356,-11280890.0
324,5.151599998474121,5.1308666658401485,5.127286397976916,-0.04516129760001198,24.401917477993052,6.229128203192542,4.0740717937557,0.5387641023592105,-0.2825732700288279,-0.2203550296140564,0.2965714590890067,-12449990.0
325,5.133800001144409,5.1365999984741215,5.092883009820959,-0.022988484327568063,24.757287621171002,6.2411032942387346,4.026496708050083,0.5536516465471627,-0.29365626565539227,-0.2350152768223236,0.2880000046321324,-13971790.0
326,5.121000003814697,5.1426666657129925,5.064926817845271,-0.004545450112051311,33.68421845158474,6.248288568306103,3.993711439323292,0.5636442822457026,-0.28862263468769456,-0.2457367483953978,0.27442857197352816,-12377290.0
327,5.106000003814697,5.149399998982747,5.031400277464946,-0.007075409101562271,33.862437333154375,6.261635668348907,3.950364339280487,0.577817832267105,-0.29495101953488145,-0.25557960262329454,0.27585714203970774,-14505390.0
328,5.090799999237061,5.158533331553142,5.005463007194128,-0.03104220315249611,35.56701930476687,6.264990717633462,3.9166092808406594,0.5870953591982006,-0.2837843700400038,-0.2612205561066364,0.2934285742895944,-11726190.0
329,5.079200000762939,5.166933333079021,4.977013485728019,-0.03603600120498037,35.384628927913994,6.273976618979429,3.8844233825464496,0.5973883091082449,-0.2789810219766675,-0.26477264928064265,0.298214282308306,-13322090.0
330,5.069800004959107,5.17693333307902,4.953601196657937,0.030588262221392465,42.24599380468963,6.2792423322411475,3.860357677677066,0.6047211636410202,-0.2640612438141723,-0.2646303681873486,0.28964286191122873,-12028990.0
331,5.062600011825562,5.183000000317891,4.927969784660954,-0.018264822286714992,38.29789014895573,6.28620326190998,3.8389967617411433,0.6118016250422091,-0.25574447428091496,-0.2628531894060619,0.3050000156675066,-13586090.0
332,5.054400005340576,5.18806666692098,4.895500377601017,-0.02612829751013987,34.29952314006542,6.29844313841887,3.8103568722622825,0.622021566539147,-0.2622684585888777,-0.26273624324262507,0.3107142959322248,-14979090.0
333,5.043800001144409,5.192399999300639,4.863519967644352,-0.06636154907265536,35.67839629457018,6.312093950891211,3.775506051397607,0.6341469748734009,-0.26598646803695836,-0.26338628820149174,0.31571430819375174,-16506590.0
334,5.031400003433228,5.195866665840149,4.827303500568906,-0.07943928409366018,38.79782374752136,6.3307436595317945,3.7320563473346606,0.6496718280492835,-0.27703633409869965,-0.26611629738093334,0.3071428877966745,-18584790.0
335,5.013200006484985,5.198933332761129,4.795644539014303,-0.0821918091571457,39.784946512219335,6.343465799765365,3.682934213204605,0.6651328966401902,-0.2761547670525868,-0.26812399131526404,0.3125000170298985,-16649290.0
336,4.994600005149842,5.202533332506816,4.761697696965005,-0.0860465366431597,41.340791349801975,6.359173367355943,3.6300266429437396,0.682286681103051,-0.2794964980806478,-0.2703984926683408,0.3147857018879482,-17637590.0
337,4.970600004196167,5.205266664822896,4.726336998852488,-0.058536589053470076,29.55973682786012,6.372187468639107,3.569012539753227,0.70079373222147,-0.2845135774165817,-0.273221509617989,0.3158571549824306,-19020490.0
338,4.943600006103516,5.210066665013631,4.696284569020899,-0.029411737206622428,35.185183549941044,6.3702887906999415,3.5169112215070903,0.7133443922982127,-0.27722479822080803,-0.27402216733855284,0.32014286518096924,-16869790.0
339,4.922000007629395,5.2165333334604895,4.680744005166545,0.0913705909355678,51.412434781741936,6.354411946731954,3.4895880685268352,0.7162059695512798,-0.241232439975275,-0.2674642218658973,0.3151428699493408,-15125890.0
340,4.90960000038147,5.22206666469574,4.663459917556805,0.05472631622772936,45.882343536431335,6.354879180514604,3.4643208202483367,0.7226395900665668,-0.2150705695246904,-0.2569854913976559,0.3072857516152518,-16277190.0
341,4.902399997711182,5.2268666632970175,4.652735993985385,0.11704829310803486,55.35713677503735,6.354495205039796,3.4503047903825683,0.7260476036643068,-0.1801566113415074,-0.24161971538642624,0.30300004141671316,-14889390.0
342,4.888599996566772,5.231133330663045,4.646746347162429,0.16580314049161046,53.987732125268295,6.34265276990927,3.434547223224275,0.7270263866712487,-0.1419743643781315,-0.2216906451847673,0.27878579071589876,-14167090.0
343,4.864399995803833,5.235999997456869,4.641775901427687,0.14141412560227784,57.69229593597426,6.301472727711408,3.4273272638962573,0.7185363659537878,-0.10884611697533053,-0.19912173954287996,0.2740000826971872,-12823590.0
344,4.837399988174439,5.2434666633605955,4.653863113499744,0.15116269527866916,65.07935046229215,6.213830163530755,3.460969812818122,0.6882150876781583,-0.047348545188569346,-0.16876710067201783,0.2965000867843628,-10150090.0
345,4.8271999931335445,5.256866663297018,4.695280247799635,0.34669819490135095,77.43189163444306,6.1689322568916936,3.485467729375395,0.6708661318790747,0.06199969649463544,-0.12261374123868718,0.33471436159951345,-6475890.0
346,4.841599998474121,5.275333331425984,4.76879867618637,0.4965832281268326,88.23528673626913,6.242295795652052,3.4409042012961892,0.7003478985889657,0.21556884582599167,-0.05497722382575141,0.39085720266614643,-154990.0
347,4.863800001144409,5.293599996566773,4.847277158725199,0.504444440205892,89.44280682226564,6.350013597117958,3.3775864051708604,0.7431067979867745,0.3493843311315272,0.025895087165704312,0.4166429213115147,3344510.0
348,4.889399995803833,5.309733327229818,4.920717261919962,0.4867256235727193,91.86745166675357,6.457939706995068,3.320860284612598,0.7842698555956176,0.4462553162993901,0.10996713299244147,0.44592862469809397,-206090.0
349,4.927200002670288,5.330866661071777,5.013238161837154,0.4707071697623193,92.89472155294251,6.630301812517137,3.224098192823439,0.8515509049234244,0.561738254775836,0.2003213573491204,0.48414293357304167,2906010.0
350,4.944000005722046,5.343599996566772,5.05311118332622,0.05604206121252924,71.16934899492904,6.674041898884374,3.2139581125597174,0.8650209465811642,0.5460996652086543,0.2694770189210272,0.5661429507391793,-3470190.0
351,4.958000011444092,5.355933332443238,5.093773495846286,-0.07305936172481213,72.52524839957363,6.713909011828726,3.2020910110594585,0.8779545001923167,0.5324101712087046,0.3220636493785627,0.575785790170942,-658390.0
352,4.956800012588501,5.365600001017253,5.1199000343967,-0.1491875561137673,67.37451499321105,6.710385009654005,3.2032150155229973,0.876792498532752,0.48929265155460033,0.35550944981377025,0.5904286418642316,-2738802.0
