0,1.0001097432120913,0.9595278291664812,1.3280839550836965,-0.34921594378062004,0.7364746378280715,0.2930990293366949,1.4905775661939156,-0.559682887984199,1.0740721772583346,1.0466490613186734,0.44341241377079277,0.4905025968462279
1,1.0241165759616315,0.9653289116421931,1.3551258587081267,-0.6126564530050754,1.0372248510070663,0.32484457207134726,1.4866466535806184,-0.5295184599003775,1.047165439012992,1.0669366444126136,0.4921347020788611,0.4960922805205255
2,1.0495110925655449,0.9740012390761725,1.389699710437137,-0.11556998545340406,1.0845227435881208,0.3664919788452463,1.4695243780221372,-0.4833769463566174,1.0682760793145123,1.0877965356920827,0.5480752728928102,0.5044595405997734
3,1.0850356629279727,0.9871855204781878,1.4363791739639207,0.2850096659049489,1.1400171218386557,0.4263522226246336,1.4430015455838476,-0.4160072293191327,1.1566203890430686,1.1238594496942915,0.7537916777905777,0.5183819534889217
4,1.118062407646102,0.995857845118054,1.4760726158826396,0.24370347865992972,1.2626084272385025,0.4737413776099754,1.431621615433144,-0.3679525255358355,1.1824869720512956,1.1583826428227422,0.7844686900672622,0.513942579234856
5,1.1548358908306777,1.0083975608691742,1.528816554857213,0.872912805708275,1.2360434331698469,0.5415385441460114,1.394793067687818,-0.287923323996349,1.280280311171973,1.2074484874451348,0.7989049108923694,0.5208530684723467
6,1.183422075006075,1.017538665100058,1.5582975006457296,0.1432025997769592,0.33243767664265744,0.5742310856586078,1.3983221764351526,-0.261018653879323,1.2137989807585134,1.2321209842296663,0.7628143588296015,0.5136598577826038
7,1.2136734718663604,1.0300197854978868,1.5900592914155731,0.03765499909684911,0.46958285779901704,0.609204566001593,1.4014517616169193,-0.23188237475557955,1.1703949905766093,1.242339949194025,0.6076247268197089,0.5172834403652856
8,1.242675955904496,1.0374615825715954,1.618284214761439,-0.2546032633585882,0.45750446218809987,0.6395745060935504,1.4095300242217412,-0.20952403093352898,1.110444109534924,1.2373671506576036,0.5011574691645484,0.5139015738333843
9,1.2659889599607839,1.043204069694016,1.631081595950795,-0.42868802290309393,0.057577101148176824,0.6540728408168858,1.4319560124229358,-0.2090441854436728,0.9644559304642708,1.2013718965724343,0.49935289853807824,0.5071896370661775
10,1.2922160762901733,1.053282719136369,1.6545472338586082,-0.47059507188400923,-0.3325233669545119,0.6786285632655523,1.443934631357079,-0.19395637849286346,0.9090165057135802,1.1604171410206277,0.5246161989353524,0.51698129530181
11,1.3045664136285369,1.062833999222638,1.6430094385368446,-0.7489104831892395,-0.5596167091568846,0.6790165768789078,1.4675349882587643,-0.20656960752381473,0.647687264259758,1.0703405982209278,0.5877746220218645,0.5061968747147578
12,1.3280181754831144,1.07349861616848,1.6519730556982513,-0.4276096646893634,-0.037952087979839656,0.6878154440636575,1.499392679686731,-0.21629552660604426,0.5599301289175725,0.979033137615699,0.5715338305702872,0.5106362489688235
13,1.3436989381912525,1.0814677798041592,1.6474101295445298,-0.6372661187448363,-0.19746593637272628,0.6894893555183755,1.527458776192723,-0.2302258033010247,0.4054544986590828,0.8721087507406842,0.5949925603410909,0.5075996910808943
14,1.3610449202012447,1.0900815118848464,1.6410212548735534,-0.4230420196416226,2.3752190419456904e-05,0.6877750707403606,1.5642361591027951,-0.25192731959421105,0.26895509284066427,0.756633231446259,0.5480746705661659,0.5052278523326112
15,1.3767256895263495,1.0987538393188256,1.6265769295977774,-0.7816450911398148,-0.39164811689612095,0.680773450260284,1.6062446088857723,-0.28116504797719427,0.10946082210654144,0.6292737476241428,0.5047659220441809,0.5016992296270217
16,1.390186175271604,1.109594250706884,1.6187137361583768,-0.004369610761977879,-0.44692804432434435,0.6793834930578058,1.6348797637717785,-0.298110716577381,0.02157346494360795,0.5081113749433195,0.4398027562378715,0.5046624094281069
17,1.4082259992087827,1.1224855497542123,1.6171735909539247,-0.29359086918731264,-0.6165182570433327,0.6778844093987528,1.6726721998910399,-0.32017959716437766,-0.009210044183059388,0.40443027209416404,0.333335498582711,0.506317732740148
18,1.4284861067258103,1.1357284265095198,1.6176987303984205,0.018507990677582877,-0.49144687631652506,0.6748882825232476,1.7172253757898865,-0.3472805425322752,-0.01948878805830243,0.3192311340143942,0.3405536089952647,0.5088039549767468
19,1.449995127064988,1.1493814847084403,1.6233587305501465,0.17384020267289937,-0.7276940010396997,0.6745793530420351,1.7599096052191194,-0.37098482215801604,0.005731850620281455,0.2566030218878648,0.257545253204235,0.5165906648983166
20,1.4655371187409014,1.1635619094693306,1.6245005487976503,0.2722813938704027,-0.44174709135661133,0.6750614920165947,1.7896187993233534,-0.3868684908298078,0.0005263720941180202,0.20535890629303757,0.3531853452405652,0.5071119426212838
21,1.4835769426780787,1.1782111110271256,1.6284617372682826,0.19490595001406247,-0.457747308378484,0.6751050347023372,1.8249320996830776,-0.40621550174558824,0.01544487414566345,0.16763542603390544,0.44341181144414843,0.5097924009701168
22,1.502310601925477,1.1979582340564452,1.6308355113099235,0.030109438447055843,-0.4412766076174265,0.6721348722451114,1.8664495756756816,-0.4316270770999622,0.01961834528746024,0.13837193572277776,0.4488255233235588,0.5067946903046344
23,1.5225707160594717,1.2182913273833686,1.6374124172874198,0.07765130846539964,-0.011248803793576559,0.6706534384730737,1.9085685199608842,-0.4560554464141656,0.05044801191425201,0.12172247108965928,0.3784489898244932,0.5081672921644234
24,1.5425532947459852,1.2372180987019177,1.6437314053834449,-0.03167116782511222,-0.34215174644071233,0.6683245257042223,1.951505079769352,-0.4816803125262469,0.07546915601079308,0.11389034608852155,0.19980062804379664,0.5081672921644234
25,1.5723883851265643,1.257492593881435,1.6698515399462575,0.4802665637089718,1.3433922453853537,0.6789305345503616,1.9929787848903522,-0.4950906983889735,0.21858161741887525,0.13901098085388947,0.03017494730212421,0.513558423368437
26,1.600419498407,1.2727277657368328,1.689219088002531,0.29552187801128993,0.5727800560358505,0.6808840598756492,2.0448194721437973,-0.5218254830688175,0.2945354991981687,0.17576511538064254,0.1384467755837549,0.507727023643359
27,1.6305321176180931,1.2879629320040036,1.7152738584683547,0.48304300114062754,1.4520479027745385,0.689666254110169,2.089768551751873,-0.538752698915362,0.39778734416920913,0.22781283104039288,0.08972440122902288,0.5102758330716777
28,1.6582856888340807,1.3055419738733571,1.7385884066356805,0.3501399291150113,1.4688500133188938,0.6968633607299327,2.132637973732172,-0.5559366705737212,0.46505469380047354,0.2842035662283159,0.07348352373078215,0.5062227728630557
29,1.681737457305625,1.320777142934641,1.7512505903822486,0.15033326621522286,1.3860949265271236,0.6940108680729986,2.1832204347384425,-0.5862207073615835,0.4541914311712738,0.3269337063781142,0.031979517928594346,0.5003935313170025
30,1.6992222037308748,1.333961421542543,1.7545373827862423,-0.4144584869265674,0.7607771030662747,0.6877607464523162,2.2275594773239846,-0.616074840282267,0.3875067909505335,0.34649305122650714,0.11498787371962382,0.49757710768960534
31,1.7061605899179046,1.3390007448666634,1.744520252453829,-0.5666199762193231,0.023157456797907327,0.6839442165424808,2.2473019132601872,-0.6302795726845591,0.2515058886415213,0.33231384530275554,0.07889732165685595,0.4917996624401479
32,1.6976957554612442,1.345563589288081,1.723725835957588,-0.903548041304568,-0.3921110213601729,0.6861216528747381,2.2271996715726377,-0.6173233630870698,0.07504008818000747,0.2822693455711064,0.11137881851334723,0.4810670381496915
33,1.6928388818218403,1.3476144797414629,1.6965865455661964,-1.0122349716143697,-0.7713992419284715,0.6904603769484317,2.21070069869798,-0.6044384572769846,-0.1065326152178487,0.2024126037469192,0.1384467755837549,0.4787103066545822
34,1.6865943309450302,1.348259045392358,1.6590549924070879,-1.08216562206074,-0.9209498572828473,0.6995511300731266,2.183843011020894,-0.5816747475136269,-0.3163788360002974,0.09250533581127533,-0.040201672243605074,0.47433783595028606
35,1.6824312926158447,1.3497239655481377,1.6244273249094474,-0.9084171372121577,-0.9784001367680869,0.705586785342893,2.165977808257593,-0.5665427769348308,-0.4669605851738017,-0.02844492059315999,-0.1484733284319087,0.47740892470261254
36,1.681737457305625,1.3508959033492296,1.5940217525661167,-0.6104322827275449,-0.8364105476382435,0.7066063276874144,2.162978427046024,-0.5639967905750257,-0.5606133839739544,-0.14574434407700734,-0.13223270907365842,0.4830439301364315
37,1.6847903538448854,1.3516576625008228,1.5676726893608368,-0.3204024472173737,-0.892693148579869,0.7019060753242452,2.176520090228242,-0.5755772126696453,-0.6085965441530946,-0.2501071840057801,-0.08351059285891689,0.4862466678092723
38,1.6921450531285873,1.3561696164688588,1.5561047784188933,0.15967381410462125,-0.4090535231591816,0.6943286656891607,2.2031231452909696,-0.5968660395636948,-0.5535198332092952,-0.32151845129400175,0.42175756625315114,0.5286030893504945
39,1.7085196643808789,1.3663654622060224,1.5724862223773988,1.1333391463872091,-0.19154495128505913,0.6945487308923554,2.2348866134142824,-0.6141086195025409,-0.33403283501255354,-0.3305112487918526,0.5173976582894814,0.5382177769060914
40,1.733497881122054,1.377850439244976,1.5956720181814708,1.272450291217772,0.13579369691015059,0.6909795658267089,2.2896148026134635,-0.6473007382345045,-0.11116292982659741,-0.2888273570684399,0.4343893024984516,0.547651177423603
41,1.7358569423510946,1.3832999440127087,1.5881615487555352,0.4649364112785599,-0.6398558563401124,0.6895634863628683,2.296517624769685,-0.6523393721055473,-0.11647607102135074,-0.2566454813395851,0.6040152413801148,0.5344647035819201
42,1.721147557017624,1.3905659494383145,1.5746444996306306,0.2392776190609344,-0.7093174011869359,0.6876035523644537,2.270816449347887,-0.6399596661163448,-0.1565040230754919,-0.2396786062571654,0.5949928184810814,0.5247874288346033
43,1.699916065508962,1.3922066584480837,1.5444727010368033,-0.47169821638731685,-0.8137564621753637,0.6972019206684495,2.213747621971736,-0.6001635616801655,-0.2900060283512017,-0.25538374893363036,0.670782977812894,0.5045545004768657
44,1.670636046023345,1.389452606990514,1.497153640560659,-1.3418607014733748,-0.9331691001640074,0.7240921277000778,2.1131029261198484,-0.5211910561692575,-0.5022456286872209,-0.3144946353213677,0.7249188059070459,0.4883487341794522
45,1.6269241766517395,1.3824209913604186,1.4287771458413798,-1.893970741367637,-1.0430953269679621,0.7735353948425155,1.9479068820669334,-0.3868859964025797,-0.801853191453991,-0.4274909926054815,0.8205588118967128,0.4614794053203766
46,1.570168128014584,1.3746276165787301,1.3659462160396014,-1.4156299628225233,-0.846696249002843,0.7788987533582046,1.8279662860689532,-0.3163123059423923,-1.0084477500972313,-0.5631968231407439,0.9228756947856537,0.48381655822731895
47,1.5209055364594202,1.3701156626106927,1.3012830368125736,-1.408511734269058,-0.8107622193991516,0.8038423064565333,1.6912562538648332,-0.21925891693303443,-1.1837171359417298,-0.7102002340224107,0.9544549063289093,0.477687329796815
48,1.4817729986627695,1.3667756436496348,1.2529035242026756,-0.7662636450044232,-0.3415293677116059,0.8126285014149437,1.600381581200102,-0.16162142795873938,-1.2218120195586695,-0.8361576423854036,0.9616731027881265,0.4897299687553404
49,1.4556846467486373,1.3683577573061128,1.2304799982130545,0.2986749373765004,0.07621662016656823,0.8046747696776221,1.5619942801636937,-0.14756544989789092,-1.0887800803035765,-0.9077480176319478,1.0843810658482012,0.5090888346080238
50,1.4347307039213897,1.3661896733520327,1.2049260252736906,0.9234184341475656,-0.03277648571400211,0.8055710233570039,1.5194548972686368,-0.12342253577020036,-0.9952888003140893,-0.9445165225439448,1.0879901210544776,0.49585919718584437
51,1.4053119266374832,1.3621464961809007,1.1760779751207602,0.6925803393295905,-0.14461613169228643,0.7998536067319978,1.4709413516614256,-0.1018347810887478,-0.9355980744299143,-0.9608404112128461,1.0392679187930727,0.4921039656826483
52,1.3629877345032826,1.3575759468595734,1.1303171579285185,0.2903514729285132,-0.6298977981663143,0.7968803425762099,1.3927050556943414,-0.06150961916497073,-0.9873626128908829,-0.9852521263668623,0.6206172567249746,0.48148572488050756
53,1.3135863785328623,1.3513060903810683,1.0852052290861371,-0.1585733292484017,-1.255026822871983,0.7770221276886825,1.327723219607032,-0.04335679441420867,-1.0222495387178532,-1.0124326332843354,0.4293371586989778,0.47766574800656675
54,1.2679317544119213,1.3472043122684185,1.0444401090406779,-0.6831390022037432,-1.3840612739490203,0.7573587254551161,1.269777135421035,-0.028894415806495346,-1.0206863945384663,-1.0338342219453494,0.3102381647985168,0.47965127270940605
55,1.217559021066833,1.3432783258038707,1.0101426553609623,-0.4696248818082647,-0.902502406812196,0.7122379078157107,1.243489258639402,-0.05427000436177609,-0.9765344088963921,-1.0412724157450028,0.11354444093977271,0.48215476037820343
56,1.1727370032883355,1.3385319848344384,0.9674521451078355,-0.6202896009778801,-0.9504163829383688,0.6961513331079948,1.181427971620661,-0.03439301663610225,-0.989079549857052,-1.049974275527914,0.10867204862030543,0.47872325572873115
57,1.1297189692269491,1.3358951296716808,0.9335961137204226,0.045604725188071904,-0.48215133325595627,0.6685443960875588,1.1414192470126552,-0.03678538773420688,-0.9422924317527654,-1.0466747690486304,0.0220545515763354,0.4848740659494834
58,1.0848969514484512,1.331383175703645,0.8950530821304853,-0.094312693411322,-0.2387797331034869,0.6439295322075456,1.093063668266061,-0.031956043738810086,-0.9303339347843407,-1.0414125174131783,-0.09704435627746223,0.481010925495046
59,1.0470133264739503,1.3279259660360025,0.8580215419754477,-0.16719566598150046,0.36913687097564907,0.6312233447724125,1.0391787533829424,-0.013585276114941206,-0.908920892879418,-1.0325065708846193,-0.3005952247954675,0.481010925495046
60,1.0057992761296757,1.3242343665728513,0.8267384128808153,-0.18023587967130858,0.40854951945186524,0.602252195980733,1.0049007669982812,-0.02032710065702006,-0.8540029637775991,-1.0133376318309153,-0.493138487841328,0.4841402850810428
61,0.9788783112561323,1.3211287346131884,0.7920994591591817,-0.036082721482586705,0.3993021965955775,0.6021097498251069,0.9523269597937379,0.008407903257807865,-0.8278997640957384,-0.992277725695017,-0.5759664037790434,0.4817662881537349
62,0.9465454018482219,1.3193122339553154,0.7676977172395248,0.011202253777596606,0.26061084955906755,0.5822184575035851,0.9208763015306057,0.008124427037459189,-0.742132795568359,-0.9566200426450193,-0.6160269768013802,0.48489564773973165
63,0.9214284206917897,1.3200153949595026,0.7459713866267632,0.2385121901849435,-0.5996381014804263,0.5711561483508484,0.8893900016980819,0.015649616379294608,-0.6545007277753873,-0.908875098701647,-0.7639983263053921,0.49072273110676007
64,0.9067190287413528,1.3251719145784335,0.7445732058076009,0.8046859392997018,0.30816071428036246,0.559271048578086,0.879639424716748,0.010516982582850888,-0.457527501062628,-0.8274804760600415,-0.6986743668391178,0.5054199302658207
65,0.8902056530738044,1.3157378279928618,0.7312004801929715,0.32066248827336097,0.05623970150187654,0.5519744148178499,0.8589764503148425,0.015422801294372155,-0.3703044169955645,-0.7432356756383994,-0.6806290908077338,0.4991396293035789
66,0.8714719872094399,1.308471822567257,0.7197842352380653,0.5058812198564263,0.7605492088106155,0.5404910021712483,0.8406871235062138,0.015331936049419615,-0.28752502326993046,-0.6576852893051662,-0.6048389314759212,0.521800509064245
67,0.8399716841439729,1.2969282529691242,0.6884803296956403,-0.3309807499089911,0.06684706854961435,0.5285600252875214,0.79807661308832,0.028197464798567516,-0.34263433792126247,-0.6013311352901284,-0.4568674959252457,0.5081176540468524
68,0.8077775457682871,1.2808141312555494,0.6589768550425414,-0.35990327189384574,0.003955463087597279,0.5131351347267289,0.759720240925807,0.03564526328945358,-0.37695252752991937,-0.5637742159777454,-0.39695707624505483,0.5181747683025385
69,0.7680621855170174,1.2555471895933688,0.6202622056529818,-1.0720126041199127,-0.43271057686143627,0.49576188956483147,0.7097429347335752,0.04775355951346269,-0.4616734777427892,-0.5523090339012325,-0.3608666102289505,0.5085277080615692
70,0.7311499379171841,1.2270691381885503,0.5845551164333573,-0.7788999815606975,-0.1262201961323685,0.47932578514583457,0.6637575811846935,0.05849721569362224,-0.5122156326479241,-0.5542214086099029,-0.388475886859301,0.5142037188968598
71,0.6909072583306095,1.1954268622648907,0.5462385179694923,-0.916045584744286,-0.49891444854159567,0.4598368846346093,0.6161460354248007,0.06744034295372762,-0.5691206611849007,-0.5682312857175497,-0.3653778647017988,0.5040386956899324
72,0.6456689406893734,1.1572803428613312,0.49768157599810287,-0.7652567525758877,-0.6389763463403696,0.44594595309059765,0.549739627596364,0.09163964690853904,-0.6777771802415733,-0.6032689073881952,-0.35996432491571545,0.4946506169319422
73,0.5959900426545046,1.1198955826093648,0.4461597936224149,-0.9216479250179078,-0.7461045095320847,0.42746584934783394,0.48199867560564863,0.11252289943261322,-0.7835950154157995,-0.6545061661860094,-0.31882102672682927,0.48580208293015825
74,0.5458948381399303,1.0811630901140892,0.39579922634643017,-0.6814173660442445,-0.9319732603925076,0.40575830877796404,0.41862795474799036,0.12815978292984276,-0.861397466944153,-0.7125590141731751,-0.33885131323799744,0.48150730667075586
75,0.4791474935425511,1.045946408227976,0.3330929008598894,-1.1618212492091877,-1.1087345481610646,0.3641084854544715,0.35464475364516257,0.12653942268973228,-0.998900790111437,-0.7891574738621581,-0.2767754432247079,0.4663137263359854
76,0.41364906176732036,1.0042254828619632,0.2696951066624481,-1.1622612726330435,-1.526612101337374,0.32726751762830875,0.28538291552096,0.13205926392408643,-1.1131231675482998,-0.8754866232555897,-0.25656480290688877,0.4569472293682434
77,0.33496769292824985,0.9567034722261241,0.18902095709778644,-1.5219001725039736,-1.8211872436648062,0.29191987555358295,0.1878641836613903,0.15440831901244867,-1.3096579510396618,-0.9876524542301057,-0.12483420183112238,0.4344374221393151
78,0.26350224572369,0.91363482020503,0.12468552858955777,-0.9371068269532002,-2.091097405385502,0.23730437071757904,0.13546389157518868,0.1349908835915229,-1.3664907418193206,-1.089849253715821,-0.18835367671758987,0.449674166054582
79,0.1989751913231268,0.8779493671102383,0.0674556720653049,-0.7499383573497055,-1.7752288697025678,0.18735349258893533,0.08917608627913842,0.1163331898682199,-1.3659059116797316,-1.171478432813574,-0.21903068899427444,0.45772417381718056
80,0.15096151920707893,0.8480063983437535,0.03767452797251078,0.726691932641773,-0.888712098540861,0.13155874349239807,0.08466921133118895,0.06958405481308666,-1.1939028456589216,-1.1990593740183362,-0.2460985600180187,0.48094618012430124
81,0.12320795460805946,0.8301929722671172,0.03770263671827046,2.0272701269770015,0.23539554046107822,0.08917657010579978,0.09834528887420053,0.024686124767871312,-0.868484655612564,-1.1497558886656571,-0.1260974528976494,0.5377926156382008
82,0.09323409319525586,0.8127897220458672,0.021976887038165215,2.6095499115388763,-0.09490399937541971,0.056983787203159254,0.09129123666846634,0.00015738794050477702,-0.6987741620057052,-1.07309348782646,-0.035870986694066194,0.5166424611949124
83,0.06395407370963878,0.7966170049790003,0.0011395659198701626,1.5097545061277282,-0.007974115687655233,0.031327754707832015,0.07509295383154825,-0.013584726772295589,-0.591527169194043,-0.9882429737284746,0.00021965141536507785,0.5003913731379777
84,0.02870703879469263,0.779682528760541,-0.04265293597846514,0.29055554888436563,-0.4361372969792288,0.02273387877933507,0.019770596742099706,0.00920309328878499,-0.6450756205669015,-0.9321064008584822,0.12112321594229623,0.48582366472040656
85,-0.008205208805140697,0.7637441959009568,-0.08673298531623952,-0.6941851463707339,-0.40690527483328076,0.011860558688435005,-0.03515463884425418,0.029761941593233577,-0.690529256360944,-0.8971656876866496,0.08340861915303618,0.47766574800656675
86,-0.04178703103519904,0.7475714788340899,-0.11934633685402218,-1.13079824470135,-0.024774877024209076,-0.008011396729274381,-0.06908598850404724,0.030857313574831062,-0.6571224605071726,-0.8618865931846117,0.10109310152445483,0.48983787770658166
87,-0.0828623169642172,0.7296408564626423,-0.16328293559577348,-1.1365307970121992,-0.15166758921121742,-0.027135207541994326,-0.11891733795108114,0.04134110314456948,-0.6992873336197741,-0.8429105963305399,0.16226660017784597,0.4783563652945108
88,-0.12560281557812253,0.7155776252024503,-0.19518563530069508,-0.65580644327925,0.04634109156026472,-0.06942489916597139,-0.13478523133828493,0.01274308316836699,-0.6596918586547479,-0.8190460209270747,0.2164025143186613,0.4885429702916865
89,-0.18180379993728296,0.6990533248393763,-0.22612366894651628,0.13610691203298156,0.2883806656936076,-0.16072405928238578,-0.09829198460989512,-0.08783596695647058,-0.6214662988358968,-0.7915710220375668,0.17309385184333997,0.4732198992154265
90,-0.2113613614873479,0.6930178525681546,-0.1934102759474349,2.6438511081546667,1.1193594549090133,-0.25749901621012955,-0.0007402922368385334,-0.22676423139785495,-0.20016271458304852,-0.6771939304331752,0.5574586185218039,0.645442585396489
91,-0.21705084808616285,0.6926662720660614,-0.1425036242767874,2.807500817508019,1.641467054207248,-0.27585924606261714,0.01760685807429485,-0.2530337480332831,0.25305642373568665,-0.48629568848053695,0.6747529987724631,0.7398197541521014
92,-0.20525558825972864,0.6982329675403784,-0.06380630720887884,4.776432325502074,1.7474414817593111,-0.2320870164666836,-0.029603751083320334,-0.18850052298114628,0.789335360379455,-0.2159644840528404,0.8227244343231382,0.8256505339694055
93,-0.1655679729511498,0.7104797009368108,0.0521891879236868,5.519155906127198,1.9339971741218969,-0.07905483779690402,-0.19769666150023996,0.03878293090476714,1.4495543016226478,0.14509466795490833,1.189043838923555,0.9237829342282139
94,-0.14586292971211717,0.7116516387379026,0.10406180343841767,3.3467485968049258,0.920454842864815,-0.03773300780328391,-0.22545502915816357,0.09047595395626093,1.5864727059605614,0.46396989091877133,1.6690485255450218,0.7610346539661346
95,-0.1218560903456101,0.7112414628825172,0.13986592286599778,0.34482861347897487,0.5250712134113331,-0.005172060481201066,-0.23069635544164277,0.12207910635148664,1.5910580783387647,0.7200756982272324,1.576295815348375,0.712626698439302
96,-0.09840432187406503,0.7100695278755392,0.1759844394299935,-0.10086507082706869,0.7295199119785504,0.02742930868086037,-0.23709135819101607,0.15435123654348434,1.5884972616968303,0.9243987252770917,1.539844297532315,0.7363666677123809
97,-0.07231596334296525,0.7101867213762367,0.21183219708053047,-0.6777010735202141,0.8132307073026405,0.06096269357434032,-0.23981278905776726,0.18542898212881115,1.5768545560646143,1.0853037574150266,1.5079041202357668,0.7599339826634737
98,-0.041925802067423586,0.7140541096933783,0.26890083744039994,-0.9018804556380783,1.319067380190319,0.11722689663407951,-0.27062708931555063,0.2519820266168639,1.689936943021446,1.2388281507402976,1.4988814391967429,0.7949828100266373
99,-0.03831784125016823,0.7114758498839129,0.29251239986342176,-0.4960412739853419,0.9220110201449031,0.1233021710280936,-0.2733139401453631,0.25881671247441473,1.569302028309891,1.3351909349356408,1.7083872531074382,0.7567830412872286
100,-0.0280490164594298,0.7135267375431816,0.3249360870762081,0.03273766686664041,0.9220110201449031,0.14139855870019372,-0.2822551674930155,0.2796900307075462,1.5180530496878821,1.4010416267292254,1.7340115192580043,0.7729262203929222
101,-0.01708635635847232,0.7158706103512513,0.3532241233913564,-0.07454376187331208,1.045928389261057,0.15913249913883046,-0.28925302307217304,0.29917676664519743,1.4444816889336793,1.4375870698101627,1.7486281799364258,0.7584880027168407
102,0.0002596256515191417,0.7160464019993549,0.37553379074195015,-0.21357299319659062,0.9055225850273847,0.1801903594701333,-0.28907247351212323,0.31765530518555507,1.3419669393904419,1.4443406703903965,1.7771397418800112,0.7502437588420079
103,0.022462481300915705,0.7195622098144026,0.40584739063678565,-0.4873892962840051,0.9762010648293139,0.20918291390445684,-0.29211740994995655,0.34490463231650803,1.302237033698885,1.4410302906115628,1.829470999347693,0.7669049009136595
104,0.05313017802393836,0.7271797929479883,0.45502117182982743,0.6834182273234305,0.6161962497798849,0.2587438556457757,-0.3116146241620781,0.3993313549376407,1.3806383549289665,1.4555763672780409,1.5589720405902576,0.795220209719368
105,0.07741455283792703,0.7316917469160241,0.49396057473712773,0.23528830625084118,0.2994548931392273,0.29530018639198813,-0.32273252432233696,0.43768528862581924,1.376844844565172,1.4663812648182317,1.5463403043449575,0.7651783576937993
106,0.10572318833190911,0.7367896683875498,0.5299408685316463,0.27258639779863497,-0.10708652344368458,0.33172958328762997,-0.32575325321049625,0.47148225333284766,1.3508433775420199,1.4693227391891306,1.5409266785122104,0.7356328868439402
107,0.125428218337008,0.7397195086991092,0.55391286870148,0.1436624713334718,-0.9465088408168287,0.35531295121381057,-0.3250043833660014,0.4918768611219601,1.2515435305783182,1.449898232743073,1.2900972126059778,0.7158423851862918
108,0.15068396390869673,0.7437040905169483,0.582386651390787,0.0567640653351637,0.0549640768575328,0.38447416302690146,-0.32233243435401876,0.5161366662124761,1.1942896531343596,1.4218021433608632,0.7555957321370668,0.7310143837308141
109,0.169417623156095,0.745461995821529,0.5962823796878891,-0.6561599427435095,0.0671243971407884,0.4017949243583893,-0.31342425155047393,0.5265271826917861,1.0547273572356548,1.3687175323422054,0.7391744147855118,0.7022890209103887
110,0.2074400191628198,0.7551890647617888,0.6537408782167229,0.4615941376023047,0.7947955048306122,0.4621879107461151,-0.33590401746507675,0.5921474325815983,1.2052458627696534,1.35926041546999,0.9232364023989554,0.7642071771326279
111,0.2861213880018903,0.7822607857758933,0.7882826686826017,2.2308910512565907,1.5214863761549837,0.6565063635410691,-0.49386531348682283,0.8502926331291705,1.7973211382160883,1.4815441607922861,1.482099070045232,0.9183874866661506
112,0.41281644219094304,0.8320094729249902,1.0255262690413636,5.058340483054105,1.942241679872793,1.089667212347834,-0.9414933227762396,1.4781633124366025,2.9042087905077256,1.8221253243788598,2.081202836613824,1.1492478969517177
113,0.4973260752780193,0.8637103469960559,1.1681149447007522,2.904515621771835,1.2818788297482742,1.2699887806184342,-1.0655288517233223,1.7053364590976972,3.2164546983158235,2.1630696489741488,2.517898946806633,1.0309581046010405
114,0.573232089642278,0.8968761384287873,1.30683037418314,3.453367087417811,1.2420948398049712,1.4350170629298686,-1.1818618513908,1.9147892280711896,3.4364153385725116,2.4840652005513597,2.792548194283625,1.1199614075848379
115,0.6319308930287693,0.9213110070742473,1.3925613216458799,1.044321032425188,0.8137917698301067,1.5246688931512296,-1.2108084769603933,2.0097722138101957,3.2795161452659976,2.7064517060379685,3.0648517236675303,1.028540944093236
116,0.6967354828768135,0.9464490367238946,1.4889645333825243,-0.19909996274917904,0.9307730164339529,1.627832489137337,-1.2494938162656795,2.122021659969002,3.2067068664581018,2.8683929340800405,3.2476504602144463,1.1191628813456524
117,0.7676458591864107,0.9707081165153649,1.5738540727099806,-1.482848257032899,0.8175310580214376,1.718744001687677,-1.256513105235467,2.2060788331419365,3.0671459049745255,2.967338469654568,3.3795616302135225,1.0239440227703582
118,0.8273160399475694,0.9908654209882979,1.6327879333681823,-0.9371873496866473,0.5191724425285003,1.78095970280922,-1.239462208562747,2.2516065485992276,2.785559530283641,2.9847395196187465,3.577879398798759,0.9160782351095874
119,0.8803531149118708,1.0055732206934989,1.6653519114042128,-1.294578366128735,0.40118541754062775,1.8189805314737786,-1.196538192408795,2.261585891691891,2.3871280882615826,2.9112794110851463,3.547202472568738,0.8495199939839737
120,0.9264240521294843,1.0160034534320581,1.683750261980928,-0.922060702340294,0.32027277149400524,1.8461148401494065,-1.1497819540223873,2.2598572171315894,1.9701800382948806,2.7610694543634713,3.50515697511328,0.8056226326190262
121,0.9570917488525069,1.019577859394512,1.6656253889125476,-1.6558059300282062,0.1552624041831259,1.8532707967797735,-1.1011306400275358,2.2394629416080867,1.4029877261476746,2.516509192111652,3.5647064290401786,0.7585311662973372
122,0.9969181285763434,1.0252031558103483,1.6553716500461777,-1.4585430589868675,0.16577912845481538,1.859979888412669,-1.0337973509285001,2.208418862970246,0.9879622750541788,2.2298407621533913,3.655293774950391,0.8031623085307253
123,1.072407843077864,1.044657296484981,1.7142592832643138,-0.007513324325354044,0.6189855175555762,1.9098680909741992,-0.9659066792756563,2.2151622540584244,1.0744478685416519,2.0194733796796283,3.9331911979270306,0.8677134431632514
124,1.1311066530813216,1.0567282410274235,1.7353223116929122,-0.21534208169500285,0.17776439192497376,1.9280522520112586,-0.8799984827788586,2.184044909103565,0.9136476272706987,1.8159139898051437,3.8628144923346377,0.821442084870996
125,1.1977152266464774,1.0692679567785444,1.7575642258044573,0.0670739871399068,-0.32245952144791784,1.9385981853279206,-0.7663007891777996,2.1309337786572575,0.7909870257729649,1.6261654892469715,3.377396179880423,0.8649078104309784
126,1.2682092964763692,1.0832139973321522,1.783802942197158,1.0065055788573078,-1.3146479481775686,1.9468876072429786,-0.6413556787729314,2.069657580538577,0.7171668640006407,1.458177013302643,2.9208503090764237,0.9404656580901138
127,1.3457805235255151,1.0954607279344721,1.8038572349086213,0.7037602003484229,-0.8575291341825898,1.933971496896178,-0.4684502961223289,1.963345403216524,0.6209895280271839,1.3026933519266444,2.3046035517896835,0.8671307348265486
128,1.3624326636083206,1.0840343490429236,1.7105645258840558,-2.530211995460024,-1.4676229301547825,1.9154640850105547,-0.40604578617083725,1.9127605165124193,-0.1501472521408435,1.0091865789295915,2.656125941905027,-0.19193087623574492
129,1.3810275584404612,1.0745416671040597,1.6295227693816787,-2.0181173992423176,-1.1587987012368237,1.896315519373222,-0.3388003703694803,1.8589525503927478,-0.6984782379479375,0.6541253860596585,2.3729952469022915,0.202994303517045
130,1.378529739413131,1.060595629344565,1.5333286513071234,-2.3896251682874223,-1.417933902433132,1.898772432650556,-0.3476480629900127,1.8659770750547715,-1.2310713448587305,0.2532721689955067,2.223219412818473,-0.04312443247403737
131,1.3610449863709144,1.044422909483585,1.4386155309295352,-2.481343692843363,-1.394559451461916,1.911450837002007,-0.4023179323924342,1.9071735261282154,-1.6469229984092457,-0.15861182124125878,2.0312174693325553,-0.1383001274688351
132,1.350359861717438,1.0236796403012762,1.3458981703155315,-2.4629329456002775,-1.2977854114753504,1.920635433899716,-0.438036168423459,1.9348840720977167,-1.9630592103592102,-0.5574515990236981,1.7064021565809901,-0.24629540587109539
133,1.3435602333286991,1.0063935807866098,1.2591080916291975,-0.43909054442823464,-1.1387879653490633,1.9265829901856042,-0.4609311912586812,1.9526994666788273,-2.17288265439099,-0.9225403005025067,1.5602352056101212,-0.14861622320750026
134,1.35008231965299,0.9916271857281175,1.1794449261466502,-0.571092202926936,-1.0096931707924233,1.9197036674937518,-0.4370831086237333,1.9335388624551624,-2.2882409119452065,-1.2399107559016922,1.4398731327364602,-0.027715034236784404
135,1.3564656415620249,0.9769779841703224,1.1006144993676703,-0.07131435053365946,-0.771418111274901,1.912635794153909,-0.41320418083668714,1.9141949825871725,-2.365151564831051,-1.510674578685645,1.3162628843631503,-0.14870255036849325
136,1.3579920832146875,0.9631491371174122,1.0245890416703032,0.0002818007858486919,-0.8807467388307744,1.911063054578289,-0.4076826906439793,1.9097764297015098,-2.3987702965628634,-1.7346586410395661,1.1664868781860052,-0.2604746420641979
137,1.368122136973202,0.9513711805178838,0.9567004288818078,0.25010423586451547,-2.1596961136037645,1.8998133979214995,-0.36973443758698293,1.8790198682466368,-2.3647216539712876,-1.9063786020213591,0.7631747222562492,-0.17768689467189766
138,1.370619956000532,0.9374837381116814,0.8860322536765315,-0.030596331672999924,-2.0207673816620715,1.8971157112758197,-0.3604998010578199,1.8715705137279535,-2.343021218414553,-2.038995396600324,0.576586490649742,-0.24370559104130496
139,1.3761706715671225,0.92301032820199,0.8241500671676113,0.0482092193634706,-1.90277311826301,1.8913644292688214,-0.3403698234909746,1.855446162506452,-2.260998397822299,-2.1271002121234086,0.4692170337280097,-0.08503626913614558
140,1.351886296753135,0.9108221901588491,0.7655538663677833,0.16114632737690032,-2.0207673816620715,1.9021450816000784,-0.4053266045986646,1.9006154351994295,-2.164259120489499,-2.1763679432234317,0.2274099907208108,0.041195622025888876
141,1.3166392618381888,0.8945322795912849,0.7061050154967908,0.06031136302747681,-2.0097850715288264,1.911314225402045,-0.4891956914647007,1.9547450152639334,-2.0816776561627295,-2.1976709904754097,0.1979960574173265,-0.034297480262501706
142,1.267515447932216,0.872558480048706,0.650133145611751,-0.08077740523739585,-0.15416858939062542,1.908473324444362,-0.580981472248583,2.002625012728116,-1.9847880913167937,-2.193464347046098,-0.5093794513862323,0.04315956493847994
143,1.2028496224994287,0.8530457412266672,0.6046622457258645,0.405602589633004,-0.17009647518240323,1.8740161227651722,-0.6524411589883705,2.01145437937431,-1.8338900133666627,-2.1570052154293173,-0.5689289053131311,0.15957174153755907
144,1.16468845546048,0.8328884395478482,0.5561054841774239,0.01667609205007387,0.6217425236186175,1.8737839100908544,-0.7269172152464437,2.0521335462967114,-1.723178032274875,-2.1035574018768934,-0.6510349757909256,0.08727274420591
145,1.135130900527382,0.8120865750122472,0.5131762900626563,0.1130473588312893,0.9885555439117549,1.8753508475327918,-0.7874095545949095,2.086723522100011,-1.592529385497138,-2.032146285140666,-0.6427341402118227,0.179405406775704
146,1.1004389365073977,0.7833741421942602,0.4630517722963598,-0.08100696632925214,0.4840451242611379,1.8782977893873871,-0.8601903024803546,2.1292767521157376,-1.5250183341353174,-1.9602113822846021,-0.6427340541651592,0.0897762318747074
147,1.063804217738079,0.7581189162498017,0.41202877448414194,-0.2182420864533478,0.19847240769995933,1.8807415569421517,-0.9359729207273986,2.1730339648111845,-1.4708652949210028,-1.890787027991882,-0.704809752085122,0.02054184875831032
148,1.0114887362606226,0.7323363209492594,0.35326862378998375,-0.7951612508379968,-0.47339232964844785,1.8765437344709712,-1.0318381405599992,2.2219562897241714,-1.469941452188034,-1.8350449344075968,-0.7138324331241457,-0.05408798192015012
149,0.9706909857790854,0.705616177643135,0.28936603131832495,-0.905146745286961,-0.6627658288586571,1.884723647872752,-1.1250046106950986,2.2803169998478,-1.4966831835539893,-1.7963160523375505,-0.7396372251746897,-0.13799798240535954
150,0.9244812907631818,0.6815914904412874,0.22653736281777678,-1.0532943371532661,-0.7010066732826218,1.8889646059119283,-1.2224558122721467,2.3375548135126727,-1.5079171841133818,-1.7677967021005212,-0.742343909021068,-0.19840541331022096
151,0.8817407855323096,0.6557502997874538,0.17046875746961515,-0.6569750683508967,-0.7506641335148643,1.8907375672830455,-1.3091362644423994,2.3867026522247117,-1.4717512536233885,-1.7370495855577495,-0.7522688753733267,-0.14695442535838474
152,0.8365024612741065,0.6261003161697699,0.10657444599786907,-0.9221164591508331,-0.8902635566014216,1.8962701088574512,-1.4067579091722957,2.4451734915773646,-1.4866659234862496,-1.715722864093834,-0.7515471159600694,-0.2060022034776062
153,0.788072476061387,0.5941650550973084,0.047477100801155525,-0.5285795322796473,-1.1129715032498,1.8960186901020284,-1.5013443405294524,2.4968754125001653,-1.4659185671577368,-1.6941113347917482,-0.7741037325109652,-0.16221275106389993
154,0.7267370859238245,0.5619368130672169,-0.015890209076354585,-0.521721152031623,-1.3263514252761535,1.8867140563537534,-1.6066940991342367,2.546498997896822,-1.471906507717486,-1.6781353408558803,-0.7704946342813567,-0.2481946034129417
155,0.6702585727341499,0.5270717144773099,-0.07505403932979246,-0.3989314565854269,-1.1488767811366325,1.8785980499664272,-1.7044278166468232,2.592990346875784,-1.4478456378003428,-1.660077699019224,-0.7410807440012042,-0.1553281599747071
156,0.6187757042161037,0.49835927886520903,-0.12301889791726199,-0.20755366186600774,-0.7303032280167303,1.8663311766447805,-1.7856922789292031,2.626778834910899,-1.3566138749438448,-1.6256233303486507,-0.7239376672363919,-0.11341632331259886
157,0.5685417419032398,0.4673029704450384,-0.1771223698211376,-0.13447174522591399,-1.360495935050652,1.8596377439193204,-1.8734641464872828,2.6690565951071625,-1.3174052262432028,-1.589460893281341,-0.7329602622287521,-0.13819221851759383
158,0.514977354220601,0.43642245367297133,-0.2305361969918542,-0.28877260700238705,-1.2891041334396698,1.8489570274107845,-1.9613603896434089,2.707884972982773,-1.2790117547539621,-1.5521107799524045,-0.7338625905653189,-0.1820248345117966
159,0.46252310501940386,0.40618650115474153,-0.2930254995637385,-0.5045536089617757,-1.7089958567409884,1.8461025086656482,-2.0596565950714374,2.759326889002532,-1.3014021156705848,-1.527141172669616,-0.7127495358642693,-0.23211616967799287
160,0.38522941010925543,0.3722003566141823,-0.36022458245917977,-0.8848301034100813,-1.682972213243512,1.8176344633717214,-2.165509660933904,2.792320434829576,-1.3465744923155991,-1.5170723483536908,-0.687666589273646,-0.3262775205311227
161,0.2724111481451634,0.3464177613136401,-0.4187737263225788,-0.9421871547976102,-1.2969688267661625,1.6990685818755948,-2.1962454262802824,2.704591880834289,-1.3283004607712796,-1.5050095675192041,-0.6454406519648741,-0.2776105835213111
162,0.10436327588809555,0.3153028589372342,-0.4810415062078692,-0.9159351765637265,-1.2215942657479428,1.3698937852796615,-1.99684145889745,2.3047236260690265,-1.334282282868294,-1.4966712305027807,-0.6634859279962579,-0.31011275963518087
163,-0.020527801200812944,0.2876451676255269,-0.5371440384945183,-0.7008060687115009,-0.8457564774500086,1.1850346977695199,-1.9447178282883366,2.113023813297271,-1.2994923072315698,-1.4823706884725134,-0.7107646544544801,-0.271891409105524
164,-0.13875801431623835,0.2635618794821601,-0.5755801355575361,0.5219192320116113,-0.13233252087913117,0.9754513382494541,-1.8397955190144228,1.8705276518896745,-1.1611547747306954,-1.4405911211132403,-0.6304631546031556,-0.14337184817717466
165,-0.23187124627523215,0.24205685114825956,-0.6082127272398237,1.1612582611625861,-0.1323320248026428,0.8343641420881625,-1.7956881481504776,1.7218448180090837,-1.0117547948220709,-1.3744022018020348,-0.6178314183578552,-0.08592112253632397
166,-0.3295638164261488,0.2202588376655564,-0.6349829954411136,1.0197532963921683,0.36976032618532984,0.6560067630350302,-1.7006662318035972,1.5123316949387802,-0.8536341579836532,-1.2867732528877824,-0.6412903202219861,-0.03418957131126044
167,-0.4247585675497347,0.1967029216723872,-0.663281162751338,1.2656169750868433,0.19662943501595156,0.4766159366186159,-1.5990842573381552,1.2983056655983831,-0.7343855758915263,-1.1905174032001402,-0.6389445160822363,-0.08184216417940407
168,-0.508713123124882,0.1728540233245293,-0.6898967712597738,1.058679081995254,0.4732697709326193,0.3250082711249733,-1.5201057591509706,1.121198778072338,-0.627634174171601,-1.0901008192860902,-0.6732306265885293,-0.05121760381713242
169,-0.5844803730738838,0.1464854605204981,-0.7226289716236658,-0.0736742309989373,0.13579369691015059,0.20527704998855306,-1.4762969351716595,0.9915204878439098,-0.5793053742950924,-0.9991684479479059,-0.6838773953773772,-0.11421484955178425
170,-0.6552519849682239,0.12046848101267403,-0.7566552834924809,-0.36134110935600156,-0.30429162509551244,0.098550818431392,-1.4435898342050244,0.8794098015033762,-0.5492023753687089,-0.9198205904856759,-0.7091408678679781,-0.13896916296653095
171,-0.7132569464275286,0.09193183704867668,-0.7987988784003287,-0.9170406264123013,-0.35067664868255083,0.039175267899778425,-1.461938943781739,0.8371003828159076,-0.5758683767739968,-0.8621904887952317,-0.7073363832881715,-0.18126947185310774
172,-0.7752861851092445,0.06345378983502846,-0.8404354436412396,-0.87599602353877,-0.341529785518758,-0.03375976448372007,-1.4663899873199595,0.7751991089583228,-0.5957806414901536,-0.8204534136433635,-0.7217726041132787,-0.2116566325226486
173,-0.8731175229839017,0.033042045668695896,-0.8855946431557831,-1.107272733881933,-0.133488669849786,-0.2491748277930036,-1.3120853027295907,0.500449386465535,-0.6347599971094667,-0.7956124088409401,-0.7596678128491802,-0.25242463430159934
174,-0.9544354918079777,0.002337316353561519,-0.9304149673744089,-0.9222668908271382,0.097802401434829,-0.4051226399608835,-1.220960412016249,0.3128457103470629,-0.6654044501114478,-0.7824603129735993,-0.8172322993196263,-0.29004169470430513
175,-1.036308524910049,-0.03229339663200587,-0.9726183848655099,-0.7886861339736321,-0.15123072412620983,-0.5878279660452296,-1.0879225529778243,0.07862768912391155,-0.6751205763038937,-0.7740695030561561,-0.8388866735806187,-0.25205774386737906
176,-1.1194304708342688,-0.06528340060780467,-1.0108754593749378,-0.28398935302079387,0.25177863727434946,-0.8204245587983217,-0.8771546703342296,-0.24227568596054264,-0.6595486669251401,-0.7639417425883037,-0.8406912011837572,-0.2238071804324153
177,-1.2038013229636715,-0.10137903095503788,-1.055365424411759,-0.6102605662518265,-0.29965883806825283,-1.0968725720059453,-0.5983633134136842,-0.6392074834373745,-0.685805299368936,-0.7615979388114118,-0.8262549373353183,-0.2714597733005589
178,-1.2364117678190623,-0.13829501999832666,-1.1038389592700422,-0.6688839613034279,-1.5594411694350003,-1.104645752075909,-0.6498331978267126,-0.6178104650782857,-0.7322416393505088,-0.7699069601099606,-0.8894134464684939,-0.3567510083616566
179,-1.2729077155561574,-0.17310152323494143,-1.1498387444422993,-0.5726360241202024,-1.9040373523172232,-1.1269360499640804,-0.6855938195240242,-0.6178444129879088,-0.755324794087654,-0.7816165987919852,-0.8821952930326086,-0.29446596170519707
180,-1.3024652704892556,-0.20691187752445406,-1.1980444037233993,-0.8215523271992482,-2.4468170680349495,-1.1274608531243848,-0.7427245483670135,-0.5869451853197617,-0.787945886180312,-0.7981385191389948,-0.8659545015810312,-0.36551321520244745
181,-1.3238355164877245,-0.23503834144189592,-1.2297525492008146,-0.17774346669646163,-1.1136696102183723,-1.1372121028335163,-0.7689689962478251,-0.5811408966135618,-0.7135211906942925,-0.7950337981902267,-0.8078485664806471,-0.2889626051918925
182,-1.3450669980709364,-0.26117251864158836,-1.2616493116974934,0.15988284248854462,-1.1938920774592967,-1.1460461785728933,-0.796415250828428,-0.5738677210533374,-0.6544187524475393,-0.7795881249334197,-0.7879986767994611,-0.3261264479993849
183,-1.3661597086219244,-0.28531440353530346,-1.2897174935574622,0.6631704838563978,-0.789019641627528,-1.1589461278374347,-0.8170551050022992,-0.5739179477653751,-0.5834089377066433,-0.7516582547311262,-0.8161492729897547,-0.30180377038960327
184,-1.3891951706137637,-0.307171012371298,-1.3169713757785182,0.6081685908763484,-0.7019080225999812,-1.1766124376989673,-0.8338455089668478,-0.5802863263829348,-0.5214402825871636,-0.7157238652225941,-0.8082092740939486,-0.33534187243538915
185,-1.4091777426833105,-0.32850024905709574,-1.3391466910517782,1.1320625279686876,0.015803378319248853,-1.1940370316920297,-0.8450364388786887,-0.5895153198120251,-0.4409198072518032,-0.6693172163921476,-0.8316681329347477,-0.30724238153216316
186,-1.431380595024223,-0.35141160079642764,-1.3653214134967082,-0.06122643309154727,-0.18406165047749995,-1.2111681200969302,-0.8610539116125694,-0.5958358204288727,-0.40122123598216175,-0.62348550911147,-0.8406907709504398,-0.33450018261570724
187,-1.4552486666669904,-0.3745573395371553,-1.3887511959866923,0.105220608946919,0.2039826346801809,-1.235975294313013,-0.8680013996337796,-0.6139073292236527,-0.35356767384224563,-0.576369127076228,-0.8587360469818237,-0.3163930605974226
188,-1.4793942737572379,-0.4017462582431274,-1.4172768511849825,-0.34118188422151885,-0.052242480743426335,-1.2541774575061158,-0.8861080768634595,-0.6200258727781836,-0.347639453004432,-0.5373758892166874,-0.8587360469818237,-0.3459385314472816
189,-1.5052050968408566,-0.434033099817682,-1.442106132861408,-0.19422484493060618,0.044540470133063434,-1.282225095270693,-0.8916583649892741,-0.6417231816256148,-0.32178645217002966,-0.5005114157412616,-0.8785858506163461,-0.32116263624228664
190,-1.5303220746888055,-0.467374684295574,-1.4636704033869252,-0.2741727725093344,0.04454084340460449,-1.3140156777996832,-0.8898325060191455,-0.6707717642312975,-0.2823735509627977,-0.46237609972637583,-0.8820144229459769,-0.29092654810448354
191,-1.550304646758352,-0.4930986842428233,-1.4769422616608427,0.35620735627711314,0.8541296928398647,-1.3437393799751325,-0.8812576909673941,-0.701701780502095,-0.20117609165793182,-0.41406023872410297,-0.8802098953428384,-0.2648773272748416
192,-1.5682057029717897,-0.5164202146316546,-1.4842518007755379,0.5393854480005329,1.456702581010889,-1.375884321647198,-0.8647090504571283,-0.7391451352819822,-0.10045953315644109,-0.353319161597935,-0.9000597420006925,-0.22685021285741902
193,-1.5911024005483723,-0.5366361116637666,-1.4932795849239269,0.7966939087529024,1.2899010551034398,-1.425040629550379,-0.8306200949531802,-0.8012250965255497,-0.031256678746061736,-0.2895492570739254,-0.9199095456352149,-0.26703550629966694
194,-1.611084972617919,-0.5528674268780387,-1.5008076848205836,0.6976221119352358,1.6319711822786296,-1.4685704942793707,-0.799857566458107,-0.8565152407412182,0.031784448388554314,-0.2247076337160448,-0.9379548216665988,-0.2397561234258746
195,-1.6346755088132046,-0.5651727570248201,-1.5117639389910993,0.36857996473911436,0.7407031269869352,-1.5247661004903157,-0.7558167353053822,-0.930268542641726,0.05942584263674732,-0.16677223502290286,-0.9966020763269261,-0.26438094609913176
196,-1.6525765650266424,-0.5774780871716022,-1.5194264023832822,0.11779547835218271,1.0060355339389986,-1.5667658117017025,-0.7234306162966235,-0.9851000344882355,0.09940777129479342,-0.11165538406833796,-1.0236700764206654,-0.2462306605003506
197,-1.6658982731227063,-0.5875567366139552,-1.5202008557280327,0.16135644692921816,1.1816144409903144,-1.6030874057373024,-0.6911878044019154,-1.0348435121940749,0.1714319983303255,-0.051766098531448,-1.0074293279924198,-0.18660017404442633
198,-1.6707551467621107,-0.5988659192106922,-1.513211770394245,0.61885432988486,1.4741706449217775,-1.6165716716056566,-0.6790436701131055,-1.0534061801514751,0.27476417149963295,0.01880735490489364,-0.9982262501234136,-0.10247435565673436
199,-1.6746406430268472,-0.6162105740786509,-1.5119386277957583,0.30825184964744906,0.9522677698947777,-1.6249999010674732,-0.6731197717470162,-1.064093683096124,0.32066696491104885,0.0853331686049657,-0.9792787318021263,-0.14207694076227945
200,-1.6776935395661075,-0.6326762762943187,-1.510429005811426,0.5124628249609599,1.309315843194129,-1.6315562488079607,-0.668571091832273,-1.0723748422110464,0.3561741817102797,0.14634099184977406,-0.9606921362107994,-0.11566082949841723
201,-1.6811627359681058,-0.6475598676476225,-1.5055416241867794,0.5239653662610025,1.3674789503410505,-1.6406052998751266,-0.6608329489463806,-1.0846059852318393,0.4024492504448509,0.205295945984399,-0.9209924428950913,-0.07780636940298068
202,-1.678803681356032,-0.6583416808882758,-1.498841004131568,0.2899148351781405,1.93027061923162,-1.6354555746804877,-0.6644819633997573,-1.0780596519344188,0.44785284595771635,0.2624174799630133,-0.9218946851849945,-0.03913180127811048
203,-1.6711714466248488,-0.6661936538173705,-1.4792281245736452,0.4911797286528581,2.148291212509527,-1.6130890334576635,-0.6854571046778827,-1.0468130401246247,0.5605443031500594,0.33282933902308964,-0.8174124380096185,0.11142276749370561
204,-1.6593761768729645,-0.6741628174530494,-1.458379477092345,0.8364304399570358,2.1433586267012683,-1.5831973056202047,-0.7103605113056679,-1.0067711206767522,0.6561818776232297,0.41013333051149387,-0.7815023258001649,0.18851292226046695
205,-1.641197588520529,-0.680081093429459,-1.4234549144620547,1.4598600008627944,2.2586254733433564,-1.5272706600030557,-0.7645840836872536,-0.9276652307576677,0.816392938953118,0.5071127931415509,-0.7183438596903211,0.3029179923664585
206,-1.6227414647206124,-0.6820733857354354,-1.3804482943127891,1.667123112416868,2.3111801279027895,-1.462771663214043,-0.8320398183237979,-0.8337327803780314,0.9920039971176211,0.6232100426693237,-0.5920268414239699,0.474709042742556
207,-1.5992896962490672,-0.6850618241944002,-1.336836901285394,1.6507781687927419,2.48050673858592,-1.3943822284917065,-0.8959493795366649,-0.7383148011807978,1.1337766968225143,0.7471803507277464,-0.5180411666719639,0.6233428321822775
208,-1.5808335724491507,-0.6892221976603429,-1.3066787141769447,0.5638931030936523,1.7234120554358165,-1.3530935103141535,-0.9261041618793658,-0.6853354653555151,1.161373128861242,0.8524088364120767,-0.4512736023325115,0.5037149688362087
209,-1.553912610884091,-0.6920934426186102,-1.2714021068182648,0.7114817919013485,2.029588521918505,-1.301109651708387,-0.9568440552829136,-0.6225994696777709,1.2098352631523712,0.9472199710545218,-0.4135589194965878,0.570337955332567
210,-1.5292119328988807,-0.6982461055964162,-1.2492518510385815,-0.2403770286411107,1.3896470129748195,-1.2705928501811892,-0.9574393663062056,-0.5953501572170621,1.1634583625583241,1.0128978502420622,-0.3392122789912897,0.49639874194205075
211,-1.503678645262743,-0.701879106912162,-1.2202370647813183,-0.28327964676744044,1.4112065951441501,-1.2307742486179927,-0.9713504063360973,-0.5525848759661888,1.162720975741743,1.0652784355330958,-0.27605372683478246,0.5458210416105511
212,-1.4760638417704965,-0.7076801893878741,-1.1940785935304647,-0.4028265193024536,1.176417420970631,-1.1963708701534599,-0.9724760268125471,-0.5216156338537701,1.1397980044049634,1.1021556123257845,-0.2715423863152705,0.4991396293035789
213,-1.439429129618145,-0.7092623030443513,-1.1466056877584412,0.6930913670234184,1.8051718165924515,-1.1285063890940863,-1.009684940143222,-0.44131824241561557,1.2472671329034648,1.1552266642931106,-0.12808229128410703,0.8253483889059299
214,-1.4109817164749714,-0.7151219836674695,-1.1024265246130984,0.41880665469462436,1.739475850810959,-1.0696963097057515,-1.0484011894174792,-0.3681813593489179,1.309914001850897,1.2114227399035975,-0.0925329727346186,0.6624921996926093
215,-1.3941908053599419,-0.7225637779470648,-1.0797424210444966,0.18316095179753228,0.96408998180113,-1.0430731846737806,-1.058253223096801,-0.3392855962821287,1.224339030547811,1.2376119496192528,0.017543211056823462,0.4931183098243162
216,-1.3810078550621678,-0.730884522084837,-1.0608120239168977,-0.1727101019398563,0.8399796374151963,-1.022263043077352,-1.0658399305084594,-0.3167617227468019,1.1272212540935065,1.2372641865295135,0.062295564451986654,0.36874245262363153
217,-1.3697676595137294,-0.7363926222058619,-1.0492115097624277,-0.33365019188647477,0.3710621283652619,-1.0073827305752168,-1.0677073983376333,-0.3026088664343762,0.999337343459034,1.208939451031861,-0.00970509982023481,0.2888035015441007
218,-1.3597763767874393,-0.7424280944770828,-1.0400708181867224,-0.9965317949751762,0.26813199240403535,-0.9947650176929789,-1.068388285540011,-0.2911034991055943,0.8769039266021759,1.159428498379837,-0.03857754147044922,0.2103752757819477
219,-1.3434017721521154,-0.7451118292754104,-1.025273897396269,-0.789124948965261,0.03263808085211317,-0.9750481001342414,-1.0679579811844921,-0.27394507047851674,0.8093070606023911,1.1049949065784967,-0.05481816082869948,0.3170540649790645
220,-1.3299412930238272,-0.7498581702448428,-1.0196496629227434,-0.5181318765219503,-0.471932375096102,-0.9627648291098628,-1.06129691560458,-0.2667651584839826,0.6958822591626291,1.0365725697867123,-0.17572155326230385,0.23640291482134138
221,-1.3056569182098385,-0.7511472987525182,-1.001357364293794,-0.004227265295979909,-0.14891540669790868,-0.9396152501744093,-1.0508689903966935,-0.2520666169562716,0.6795529064414304,0.9782534711159314,-0.13963091515287257,0.5397781403410402
222,-1.2694385092287084,-0.7452290227761087,-0.9602965002851386,1.040907500530262,0.6950604949435348,-0.8892620299185005,-1.0607523088844546,-0.20221853036717086,0.8044573459210614,0.9589912822899115,-0.10354036309010442,1.1883109373010565
223,-1.2366892966495764,-0.7408342623087703,-0.9331616482000039,0.6938429712844015,0.2568397408345719,-0.8588865320643161,-1.0453341516668626,-0.18388455778698848,0.8190786255952287,0.9467881588983397,-0.08892370241168294,0.9066469927711006
224,-1.1999158101565166,-0.7348573853908408,-0.900216973299187,0.6925149392542581,0.6903010398926716,-0.822900563094234,-1.0310393099303747,-0.159984268895224,0.864788124063923,0.9470503191618167,-0.12717970480754978,1.1268891622545272
225,-1.1646687785500547,-0.7264194449582572,-0.8708555670925937,0.9639117758463661,0.47288309237309734,-0.7918882816027447,-1.011745302221176,-0.1432161823169024,0.8781381189569077,0.9501878665486277,-0.16687939812325792,0.906927556044328
226,-1.1335847786558098,-0.7186260701765687,-0.8489466828348602,0.24877298567942538,0.35503517874682766,-0.7690362265805539,-0.987502457960331,-0.13636389585467898,0.8413977311651952,0.9446402825058874,-0.1320519250336903,0.7143964052396589
227,-1.0958399214050494,-0.7055589822752509,-0.821882282800889,-0.2894682763710454,-0.045821718065554476,-0.7449276956567321,-0.9522142873259237,-0.1344665130113964,0.8413439072584675,0.9401904110225169,-0.23310555685610382,0.9269122938142106
228,-1.0592052092526978,-0.6968280594879794,-0.8038988199508315,-0.17509326771541356,-0.20097824198729464,-0.7345880356020847,-0.8969757707946507,-0.1556681437849844,0.7839845574158141,0.9240508982074925,-0.24158683228852118,0.7843861510147448
229,-1.019378836145828,-0.6875697645505111,-0.7794602497293023,-0.16213717381026616,0.5106577082262592,-0.7195962964166249,-0.8429534353309217,-0.17209799115588625,0.7754549693330927,0.9092686436778977,-0.3209860468266107,0.9409620392658237
230,-0.9869071623226612,-0.6873939756965207,-0.7751697714351337,-0.6663346024790419,0.0662284263819514,-0.7261780518828371,-0.7686860964328621,-0.2186739962187969,0.6437178748630494,0.8685512641041483,-0.2691961089188717,0.7363019223416362
231,-0.9609575715153019,-0.6928434776701403,-0.7699018800336348,-0.45952206499778653,0.2593164249597897,-0.7241780742967936,-0.7210027563594522,-0.24308560184330158,0.541635484149642,0.8135894282053637,-0.2691961949655354,0.8721592919543916
232,-0.9305674069312768,-0.6934880405269215,-0.757107404649529,-0.39417110632123675,0.48978166944609364,-0.7193523420681642,-0.6691509185119597,-0.2672925911486118,0.5043404954265408,0.7614407066829758,-0.26378256913278836,0.9800682431956589
233,-0.9062830354257716,-0.6950115588301065,-0.7548391620161667,-0.4734265389615781,0.10214282160750367,-0.7211948362845166,-0.6185585474847068,-0.29669102791176644,0.40935132649901573,0.6988894285892631,-0.27821887600455897,0.8538795156141209
234,-0.8677055751410511,-0.685694668539346,-0.723445678488987,0.20476990247604784,0.8750621468435297,-0.7004986375200719,-0.5761533939027903,-0.3017109764384872,0.5108290693151587,0.6711037315836225,-0.15190185773820788,1.0308501956497993
235,-0.8237161637049972,-0.672861967639424,-0.6781033825911706,1.4007347865552933,0.9100097055571064,-0.6606146418552441,-0.5539697209336771,-0.27870238900908256,0.6790283482641575,0.6857633584502473,-0.15731548357095462,1.3564115015447027
236,-0.7768126300703906,-0.6617871720440828,-0.6333935624434338,1.3896166311386853,0.5177552297196105,-0.6263692785593716,-0.5170085175915341,-0.26878051659271013,0.8115363604132441,0.7265517076859276,-0.21145131166510656,1.5570142419022184
237,-0.7361536473125945,-0.6504193912999398,-0.6016071970375825,0.7155983173622372,0.5481217388950709,-0.6089913723537973,-0.4651878826677306,-0.28189660592052274,0.8390585947010005,0.7652183538265793,-0.22408296186374363,1.3851800279456246
238,-0.6889725782305068,-0.6396375808534004,-0.5636206080099947,1.3632407446469845,0.5597929082525336,-0.5913556804691232,-0.40098912388532104,-0.3015803090303385,0.8981601090444441,0.8091133646134578,-0.1980977299598853,1.5262817725887055
239,-0.6372121676480128,-0.6263361059506869,-0.5150943137245251,0.6398028629404523,0.8440639442523461,-0.5592306560924525,-0.35109408058161007,-0.300629141298068,1.0094274351337222,0.8686316755360404,-0.1926841041271383,1.6492332316330054
240,-0.5891984922234815,-0.6269220734541758,-0.47391287232932483,0.04390725047373357,0.8673007457719035,-0.5377083821533992,-0.29150832731173404,-0.3143516924024838,1.0531749977715066,0.9258407064309677,-0.21487984097140547,1.4849310624730518
241,-0.5436826391347643,-0.6310238515668264,-0.43205508241858,0.07314679437283794,0.8029495379038217,-0.5109656722931377,-0.24521149628505598,-0.3161736488939315,1.0909387365861882,0.9798899866492891,-0.17698471828216747,1.8940138966286961
242,-0.5299446212505117,-0.6535250232596028,-0.45198563788698676,-1.273219481462848,-0.23501622625982058,-0.5218801089014206,-0.20072531707404498,-0.3502235022625305,0.7407531445442929,0.9463293745866161,0.1508981580224045,-0.8098391128334895
243,-0.5132924811677062,-0.6834679948202008,-0.4671248156920143,-1.3170979872935633,-0.29379707525591386,-0.5354794056386359,-0.14620857840131163,-0.3921483204994063,0.4839767774924617,0.8631666483070298,0.10578492492061274,-0.09746738031913957
244,-0.4983055537697878,-0.7016916051345626,-0.48396160725141674,-1.6003132089180818,-0.02694839190738644,-0.5493609513544333,-0.09450438595589963,-0.43277818195592466,0.26467623608925517,0.7485411432341137,0.013753974137222787,-0.5830792426950905
245,-0.4802657331410932,-0.7165165983404611,-0.49756040526968853,-1.4368961437173966,0.0004452599678011196,-0.5683425302152414,-0.028616054057144083,-0.4856938506404015,0.10709004126352514,0.6222801354611909,0.010144918930946198,-0.20170742721820376
246,-0.4640298962295092,-0.7318689636965564,-0.51148516404541,-1.5010514885323716,-0.16795755763803052,-0.5863410474245807,0.032154081271583757,-0.5349325819148089,-0.021421923458221533,0.4930870641792578,0.006535777678005928,-0.6495511566597112
247,-0.4409944342376696,-0.7432367444406994,-0.5042420635203264,0.814093784986608,0.39561744563000767,-0.5964126989574604,0.09352182064952995,-0.5775061367184514,0.006017526856880024,0.39575041835560715,0.050746811513226006,0.1447666334272572
248,-0.41115935047405744,-0.7547803168329452,-0.4755155759803332,1.417478992681681,0.26883829213499577,-0.5860275436655885,0.13535044381329822,-0.5913061980217279,0.16235276231503903,0.35216735453293035,0.0597694925522496,1.4248473584219143
249,-0.3714717483994123,-0.7568898026396192,-0.4330221081956123,2.059160184867077,0.26373584634761105,-0.5644678387681056,0.1785452973977636,-0.5959978547557244,0.3757466533660252,0.3641008259672595,0.06157397713205634,2.6189246492772815
250,-0.33428195873513117,-0.7619877241111448,-0.39706407146208383,1.758188989572047,0.15143716901027784,-0.5530434114210105,0.23312922580586806,-0.6158831431650268,0.5102416296934266,0.40314401670345645,0.0543558667195026,1.812758456344022
251,-0.30569577455973374,-0.7694295183907401,-0.37683683623360203,1.2912344916995007,0.0948353175755202,-0.5566129735984052,0.2949347138443554,-0.6529607332895843,0.5234369853688302,0.437272474173327,0.11119855075335974,1.1921524959652456
252,-0.2730853297043423,-0.7737656835047864,-0.3470919444087044,0.8003398496164451,0.1458670646964918,-0.5511704981517576,0.3501502448918214,-0.678470137158079,0.5924715949459632,0.47971538479720616,0.11408584654637922,1.5827181540878883
253,-0.252131380260128,-0.7821450257899647,-0.32939722718762554,-0.19443051124405275,-0.25963563830436576,-0.5478160379744612,0.3858583709888802,-0.6951129342445235,0.5745165648785625,0.5097319528882407,0.11589033112618596,1.2747460072453116
254,-0.22271259635925386,-0.7906415615758404,-0.29292029727467894,-0.06847723084090347,0.17803795122385413,-0.52435932696945,0.4058633285159144,-0.6854007979744451,0.6747588785596581,0.5557295879243351,0.1763419843196563,1.9419902163505636
255,-0.202868795321931,-0.798434936357529,-0.262742869408554,-0.06865885474982686,0.06170181652524337,-0.5034289148980803,0.41114791621743,-0.6698365857953968,0.7171947036922142,0.6018343978335993,0.12509336597186044,1.450205961963612
256,-0.19079599343104894,-0.8072830526454979,-0.24033638454451955,0.14734829984989412,1.234229952185533,-0.49016462517267084,0.413510611186317,-0.6594315865665158,0.7033203276389147,0.6356754233037798,-0.19430832094695782,1.171153414053695
257,-0.18288622325238482,-0.815252216281177,-0.22510967961591136,-0.30405773591792024,0.988851134651303,-0.4827209189440322,0.4170621313617111,-0.6548142307747807,0.6472425300325103,0.6504496883248363,-0.16453359398350836,0.956069292439601
258,-0.17233986963113226,-0.8256238508723309,-0.21678120828252898,-0.18998926792784254,0.879189061023133,-0.4791147742125063,0.43195233913879055,-0.6598068792606939,0.5587383531424194,0.6428590385150919,-0.15370651441134142,0.706238488525819
259,-0.16900943764439105,-0.8349993393104975,-0.21737174492421638,-0.8890254064979922,0.6194691813643965,-0.47828411316240166,0.43714969715027524,-0.6619271714759093,0.43178874750579743,0.6089448982957738,-0.12844312796740387,0.3663900374865719
260,-0.1552714230686218,-0.8514064461728732,-0.20820106850930103,-0.5301479719044259,0.7986474191522035,-0.47608750319375986,0.46056526873557097,-0.6728433828894577,0.38855539203742406,0.5723319759624826,-0.11130013724925487,0.6684056102206307
261,-0.1454189047575889,-0.8841034608087001,-0.19967643301016796,-0.37709701792102024,0.4294555780850972,-0.4724778785659247,0.47408899672129945,-0.6770828249529619,0.34994081516095665,0.5345729832716757,-0.15821794097751676,0.40491353307970435
262,-0.14444753399988824,-0.9429932521886809,-0.2115350605211742,-0.7706902169419683,-0.5105815175936013,-0.472824420133406,0.4765511642031808,-0.6787401706436856,0.19421367373943466,0.4702128988342753,-0.22318102073716242,-0.01744210207861576
263,-0.15652033589077094,-0.9853587459997024,-0.22751125781932297,-0.7466451559588736,-1.0381633988205032,-0.4756832355533972,0.45746595990303535,-0.6707853479869389,0.043336073011077364,0.3856355053193023,-0.30618937652819217,-0.25015854632553275
264,-0.16734423157647135,-1.0278414305173074,-0.24171528407555254,-0.4867294339866456,-0.9224021929404895,-0.47850507860856434,0.4407709400903936,-0.6641100121529872,-0.06690056672091994,0.29379733049407347,-0.3507612040233774,0.01080846135634801
265,-0.17039712811573096,-1.0613588052462462,-0.2590856704005661,-0.8488521245360444,-0.7304150049046032,-0.4770701803899727,0.4324769872527323,-0.6582911073836007,-0.17389353293947604,0.19686190838441886,-0.4491080659527493,-0.1820679980922931
266,-0.16914822191054932,-1.0965168889849541,-0.2697601773970776,-0.6693419255759879,-0.887491504928324,-0.4775261546342644,0.4356593801517686,-0.6604403682961526,-0.2174182799543596,0.1097680547647782,-0.48880775926845743,0.012060205190746711
267,-0.16415258385588777,-1.1298584748599023,-0.2788704227752636,-0.06122643309154727,-0.6106293971915568,-0.4802946060151915,0.4499069594294658,-0.6707040345697421,-0.24057499893688106,0.03501441667601666,-0.5104620044594548,0.2125550365970213
268,-0.16096092290137048,-1.159742848273095,-0.2933516711328912,-0.09944137759610312,-1.6505521644406835,-0.4829324519787344,0.4604063270083724,-0.6787948773543353,-0.28965643949944736,-0.035552661423381156,-0.5808386240051838,0.05505113136526759
269,-0.16345874192870125,-1.1858770240757304,-0.3129932949021387,-0.3267235072106901,-1.6637145920525622,-0.4808857362013995,0.4522178577274048,-0.6724941210489328,-0.35848993895734904,-0.10710236261164399,-0.6131397670550242,-0.087712411126929
270,-0.1617935226268472,-1.2093743447156082,-0.3318646589157295,-0.20701254443728473,-1.555515600986521,-0.4827107815808063,0.4584170236876046,-0.6775072767381245,-0.4068922104443014,-0.17495734100307433,-0.6773809153080856,-0.087712411126929
271,-0.17011959266824997,-1.2271291754389524,-0.35772913739772727,-0.6497615367057157,-1.580538586751719,-0.4751605526020601,0.4299524055163947,-0.6552205141199363,-0.48615034022140763,-0.2466236129288957,-0.6900126515533861,-0.2876029524062525
272,-0.192183677285422,-1.2473450752651776,-0.38744835681301965,-0.840180692334402,-1.555515600986521,-0.46976605904067575,0.37800652677300334,-0.621945419446782,-0.5711190309745527,-0.3225913164108845,-0.6845989396739757,-0.5296858936209115
273,-0.20758691116304528,-1.2813312239969068,-0.4145700565960128,-0.6291921808401555,-1.2923881691710268,-0.4620245796752801,0.33535341641969,-0.5917010833589448,-0.6209592373048771,-0.39429605355256436,-0.731516657355574,-0.41778431118371734
274,-0.2189658777437083,-1.304945738137482,-0.4254482309373823,0.07888241159676254,-0.9747309372835996,-0.464388233959931,0.31683333206318864,-0.5836196455751773,-0.5584160346772417,-0.4379433445367818,-0.6981327891391844,-0.10126577540283217
275,-0.22992853784466577,-1.3292634132822445,-0.4373318839111943,0.0288432998896267,-1.0037068955882487,-0.4657917937983959,0.29758683453033474,-0.5742924254793649,-0.5103900384821238,-0.462328481713773,-0.7206894056900801,-0.30171744322861027
276,-0.23950352070821707,-1.3552803955841826,-0.4521864717806357,0.19252718125746296,-0.47900707694953243,-0.46456911978877913,0.27684153655775184,-0.5618255165054167,-0.48657790605749035,-0.47661429597931115,-0.7916074308424158,-0.43461810757735503
277,-0.25282523542124824,-1.3805942140878193,-0.4681770070436745,0.3224775549171512,-0.35882364021512014,-0.46500406174529757,0.25141133983284636,-0.5482491882091988,-0.4714714947203923,-0.4847299243420488,-0.8358183786309723,-0.5965031162295041
278,-0.2599023926405025,-1.3818833425954955,-0.4786714282853782,0.4485051309739268,-0.14626059674071257,-0.4648054107315113,0.23721096717271573,-0.5402785639110117,-0.4229675464882954,-0.48058491062227493,-0.8435778946501323,-0.4476535088873001
279,-0.27419547811123374,-1.3865124900642298,-0.49648747155517126,-0.3825745814685728,-0.31501105222294296,-0.46462410424152584,0.2088851603693911,-0.5245690086605317,-0.426118805134592,-0.4779600096856143,-0.8457434310298946,-0.6460764884297424
280,-0.27932988719811924,-1.3874500408639259,-0.5138912666652805,-0.3463703808666366,-0.6761015769640158,-0.46190394347821834,0.1944430031015728,-0.5142411306765574,-0.42404607710262016,-0.47540551401492087,-0.8340140661444927,-0.8748218832709808
281,-0.28765596385648884,-1.389032154520403,-0.5360544209638713,-0.4236598816088583,-0.9345354992941042,-0.45674439447468834,0.16982040423411252,-0.4961725692769899,-0.44951395724778065,-0.47894733893054936,-0.8287809662117235,-1.0623244769478066
282,-0.30181028491196366,-1.391141637532964,-0.5616446257560584,-0.5197482185526725,-0.889172135812146,-0.44998344522671974,0.13119270702795818,-0.4690030479257977,-0.48924450888296034,-0.49049420076950717,-0.8509767030559907,-1.2242310673902042
283,-0.30972004847366147,-1.3931339270448264,-0.583367159353377,-0.5735157246904633,-0.502124166417718,-0.44504226168971744,0.10773759634375092,-0.45176803165248974,-0.49579421473160507,-0.5011681218299536,-0.8522398680758545,-1.0924526561343686
284,-0.3324779750180194,-1.3961809608570834,-0.6056699025927084,-0.3731976842303132,-0.5583956594389929,-0.44862903013182115,0.06886449264745076,-0.43359275003415165,-0.5026144781112996,-0.5112030268841198,-0.838525492710668,-1.2654091231838718
285,-0.35745619175919463,-1.3965911395065826,-0.6165007267389306,0.022137302556456295,0.3390202524606959,-0.4707920207514181,0.05549013326223509,-0.4458034434419762,-0.4358125822933458,-0.5045804680517112,-0.8231869865723258,-1.002823481233372
286,-0.38396085015303305,-1.3973528958640613,-0.6289116994811333,0.1556808024999089,0.48997183783682463,-0.4952807973716198,0.04285955602202811,-0.4604742934871419,-0.3893593157618191,-0.48909464446373707,-0.8249915571987959,-1.1927648172082506
287,-0.40227820953769206,-1.3979974615149564,-0.6351076999058402,0.5551062874714958,0.6661528575392627,-0.5104944611672604,0.03138161255460972,-0.46759520385307,-0.31196334972597917,-0.45973209194594433,-0.7961191155485815,-0.936071003995524
288,-0.42073433333760873,-1.396063767356386,-0.6339003787130065,0.7061815429258496,0.3165275473290223,-0.5339383999624518,0.03285827019324159,-0.48908851977843587,-0.20242597628404718,-0.4122191476739956,-0.8412323486503732,-0.7136490736970239
289,-0.44404733077692987,-1.3949504277026994,-0.6307355029942433,0.8475947289083471,0.4937864604356486,-0.5742438873369912,0.05190665148289732,-0.5351035120841977,-0.10056473204913027,-0.3518693601775599,-0.8502550296893968,-0.4871050214611074
290,-0.47193966640817386,-1.3970599107152604,-0.6425882492166299,-0.13298579486984738,-0.06437388591924337,-0.608874328645026,0.052852830829092,-0.5661745682661635,-0.10948856497795063,-0.3055466372341683,-0.7504645628868469,-1.3621387070765436
291,-0.5024685920989727,-1.399169396521935,-0.6571267358175433,-0.17561595795771265,-0.12173443365543121,-0.6487940606421382,0.05712796109937247,-0.6037393845411829,-0.13310786115228657,-0.27366846297817377,-0.7282688260425797,-1.6874626132787163
292,-0.4977504828748252,-1.3989350095205393,-0.6584928835227748,0.06861776474197362,0.2022779243000019,-0.6492144504991438,0.06705765514751907,-0.6095612192739435,-0.07138573930797722,-0.23462949802643346,-0.6524785806641037,-1.152946414200223
293,-0.4874816580840874,-1.397235702363364,-0.6443391208899208,0.33851961398465963,1.0150320824781995,-0.6442564667515939,0.07923099459205137,-0.6118698097972984,0.07405696109999597,-0.17150094103370286,-0.60700438180902,-0.4231365951652842
294,-0.46819292132476026,-1.3912002300921422,-0.6144148248995632,0.8030146422318919,1.3751246117448275,-0.6274279580341328,0.09001899850044993,-0.6029455059572635,0.2887035916554096,-0.07392343166264789,-0.5357253909033922,0.27082587026730565
295,-0.4512632457944737,-1.3863952937694184,-0.5879553513716467,1.3530419825471183,1.5108095275802544,-0.61330684476378,0.10053096588984005,-0.5962581870880338,0.44097680436457826,0.037533976786727936,-0.5337404664702713,-0.24685653241754998
296,-0.4390516728713671,-1.3819419379487878,-0.5731308059677639,1.1091575314380455,1.2474200635427908,-0.6077800072870185,0.11560061011712842,-0.5996548658374175,0.491719701614831,0.13782844919793064,-0.4772586621430428,-0.6688021135611533
297,-0.4394679793510726,-1.37801595148424,-0.5643294762431075,0.39645113428331524,0.9863755997006787,-0.6081527966946882,0.11538317261463493,-0.5998643843922132,0.4939476431795178,0.21855264229779373,-0.4321454290412512,-1.121609654759759
298,-0.4534835293743235,-1.373386804015506,-0.5621743909582154,-0.3170100017851687,0.8183657680853581,-0.6275909953658596,0.1191319879235866,-0.6190710719121617,0.4528716349827568,0.27412351958819803,-0.4086865271771204,-1.4567316937346386
299,-0.47540884957623847,-1.3675271233923887,-0.5615358925264032,-0.7912389546969553,0.5236186869153278,-0.6688660416801339,0.14246032298332595,-0.6682909314055843,0.40818984298599864,0.30878095119786386,-0.42673180320850435,-1.8203201140469645
300,-0.49775047625785834,-1.3625463954215604,-0.5666507007528557,-0.8981312491613683,0.4045227321177328,-0.7057816153513355,0.15796606060468346,-0.7093705230031746,0.33485069744734436,0.3204227138036614,-0.42131826342242085,-2.234517832491445
301,-0.5103783556606698,-1.357272682301932,-0.5658366607604696,-0.45862960915507583,0.4045227321177328,-0.7239958385371238,0.1624696146033368,-0.7279117134872863,0.31013910401840733,0.32431656547711984,-0.4218595829823638,-1.8740371899748673
302,-0.522034851071847,-1.347428417066861,-0.5527387482853756,0.0816411731959649,0.5323667249594591,-0.7506891287375301,0.18250504331486744,-0.7624596067963876,0.36419812879559804,0.33928746029363327,-0.3857690309195958,-1.2228498328143158
303,-0.5259203539535509,-1.3369981843283008,-0.5349990386830868,0.45903113119728284,0.6049672131018096,-0.7590425717567224,0.1883087403335267,-0.773015146520447,0.43545326696166303,0.3668913102083591,-0.35274612845649844,-0.5982080776591162
304,-0.5352178013696212,-1.3235209191745407,-0.5096490092576189,0.7826582922015424,1.2822321820775033,-0.7891638497880962,0.21848027834998426,-0.8161515484988324,0.5386862942847902,0.4116146712353053,-0.4393635394538048,-0.07057646966981576
305,-0.5468743033977651,-1.3123875282259074,-0.49503116704734595,0.6788480200895302,1.0438714934641844,-0.8223467278126375,0.24894503058029835,-0.8621499147926357,0.555162162605236,0.4510067219792464,-0.40832564747049166,-0.5893163800768357
306,-0.5564492862613164,-1.3035394119379384,-0.48327788055283194,0.3888453905910226,0.6999025934764039,-0.8475596928126065,0.27068412178979806,-0.8963270711830122,0.5491369009368599,0.48119894808737684,-0.4552434511987534,-1.0185350245341005
307,-0.5626938437550939,-1.2929333903453886,-0.4714126805037732,-0.00044058587262518236,0.2899599927550595,-0.8631164284723979,0.28343709615898516,-0.9170523381441911,0.5431122429945259,0.504031446891455,-0.4750932118099441,-0.5963952072782629
308,-0.5737952682713084,-1.285374402565095,-0.4763383516326735,-0.6340051571606405,-0.8084759238766932,-0.8807958785453974,0.2900752086768651,-0.9362935187483425,0.4335465949459987,0.49826834270568815,-0.5057702240866285,-1.119926275120395
309,-0.5785133774954553,-1.2745925907214988,-0.4764882451846301,-0.7120505988863649,-0.5599407762732315,-0.8876943692977075,0.29190759732589305,-0.9433854004349524,0.37230326241892076,0.48022643823563765,-0.5256200707444826,-0.8229608413044277
310,-0.5875332828470777,-1.262170067074019,-0.4757730136038339,-0.4349621769518686,-0.2205857365825824,-0.9055638724608313,0.3029338296551011,-0.9652031313973668,0.326787926199343,0.455810837868158,-0.5202064449117357,-0.44720029129208677
311,-0.5994673203227028,-1.2522672064856557,-0.48138693823207485,-0.5605926620752268,-0.2481399830986742,-0.9265735426683886,0.3132908123323148,-0.9894237903621521,0.2502110863369145,0.41948410843878675,-0.5129882484525186,-0.8820517830041457
312,-0.6057118711995134,-1.2428331212971409,-0.4950867036628698,-0.824893358376029,-0.31033184814799425,-0.9295483199892549,0.30582348972079704,-0.9879489698347962,0.13787830182476588,0.365786754377859,-0.4949429724211346,-1.3300465849773908
313,-0.6122339575238045,-1.2352155353694418,-0.5134046641441645,-0.5362199510437271,-0.41858913701259226,-0.9298407517802753,0.29350104520105513,-0.9814424869945675,0.01812892137024675,0.29656634929125475,-0.5003565122072181,-1.7706388328954852
314,-0.6177846730903954,-1.2301176138979164,-0.5278537329354278,-0.5684642270758692,-0.12442463800522367,-0.93135200592092,0.2850425998424346,-0.9781324358419454,-0.05513957132019333,0.22512133758445385,-0.5167777435121097,-1.4555015316904882
315,-0.6226415467298,-1.2263674190814728,-0.5440274785796444,-0.6665977739758642,-0.42642244263001555,-0.9314275958531888,0.2756378165250335,-0.9730363166376271,-0.12452236102928917,0.1527488233570195,-0.5288680741508038,-1.7576465951660365
316,-0.6329103649035709,-1.2246095137768922,-0.5647224004424624,-0.6535585284702358,-1.1711628691767746,-0.932348545428556,0.25697662226620793,-0.9636046337845151,-0.20763113971100017,0.07662402777993005,-0.5631541416337651,-2.183520062134822
317,-0.6427628832146032,-1.2219140632608423,-0.5826008699442394,-0.32403108653469564,-1.356297220305877,-0.935066021653073,0.24201913359245628,-0.9577910505238207,-0.256644256080616,0.004975008031355462,-0.6277563416867822,-1.9478037490433977
318,-0.6497012760186004,-1.2192772080980847,-0.5994918027911286,-0.13462395146320247,-1.9060889501981657,-0.935518115935168,0.2291367379329847,-0.9511180368519903,-0.2889222270703321,-0.05942316646258697,-0.6692604335356336,-1.718259827962974
319,-0.6552519915851908,-1.2157614002830364,-0.6185844798666489,-0.34826485785272837,-1.7848639332055263,-0.9339171370958069,0.21567666136356187,-0.9423166412875411,-0.327037951910251,-0.11930095645365,-0.7089601268513417,-2.0070673450651015
320,-0.6649657454809667,-1.2134761256223718,-0.6455208394212162,-0.5822502777786285,-1.896944841414589,-0.927917954922674,0.18698291082764562,-0.9212724587613732,-0.4044151924696326,-0.18417297536507296,-0.7107646114311483,-2.4168623782989385
321,-0.670238925600076,-1.208964171654336,-0.6699687974454611,-0.3534237144008821,-1.8313868547335455,-0.9235306542448094,0.16958932833339022,-0.9078535969945926,-0.45020735651744603,-0.2461133790559894,-0.7504643047468565,-1.9547746672935835
322,-0.6753733413039283,-1.2051553800875436,-0.6980406396783034,-0.5943415636957684,-1.5914274667690673,-0.9174636575714349,0.14976849940284365,-0.8916204249778111,-0.5076098190495064,-0.308254772783647,-0.8230063746256844,-2.3206723391624724
323,-0.6774548538515542,-1.1987097305638794,-0.7172784437365914,-0.3165827130553148,-1.3322649818478522,-0.9158667686092185,0.1431194840032331,-0.8865616060423803,-0.4979418708650168,-0.35584758702301544,-0.8031565279678303,-1.8950578536766662
324,-0.6878624430575491,-1.1923812745409137,-0.737766724561379,-0.28946852379770666,-1.4526184788096963,-0.9138631271500033,0.11948603034251383,-0.8718202439471389,-0.4955437263756902,-0.3933958956348296,-0.8681196077274762,-2.1473705634689972
325,-0.7002127803959127,-1.1873419498197364,-0.7628934043505439,-0.17740865113942997,-1.430567051253516,-0.9087928242305168,0.0871136803077646,-0.849576149816058,-0.5199418625810651,-0.42878535588519134,-0.8897740250118004,-2.4758022474669183
326,-0.7090939213322776,-1.1820096399497588,-0.7833113434416935,-0.0841988252040109,-0.8766331536403776,-0.905750549567171,0.06480502485364123,-0.8346457404557418,-0.5088608139101516,-0.45466671290942534,-0.9240600924947616,-2.131680601958517
327,-0.719501510538273,-1.1760913625762925,-0.8077976132461712,-0.09698506386086185,-0.8655743158862212,-0.9000993323820438,0.03530959726240277,-0.813468454473088,-0.5227921372332087,-0.4784271102274068,-0.9204510372884848,-2.590962680231599
328,-0.7300478707764918,-1.1680636007932075,-0.8267410231727024,-0.21811159193714175,-0.7598015981096417,-0.8986787906828715,0.012341050783704682,-0.7996065186323916,-0.49820984517846006,-0.4920442270629463,-0.8760596066232821,-1.9911615656521389
329,-0.7380964053704135,-1.1606804018669041,-0.8475192678267859,-0.24334990369156423,-0.771119285482443,-0.8948741230061978,-0.00955976453400649,-0.7842273974156894,-0.48763574190892456,-0.5006188887587045,-0.8639692759845882,-2.3355853562240156
330,-0.7446184916947046,-1.1518908809322275,-0.8646185456051418,0.09336453952206947,-0.34535788312126137,-0.8926445983018692,-0.025935214211287305,-0.7732710768555411,-0.4547913023703898,-0.5002754258536133,-0.8856236072222489,-2.0565112265238503
331,-0.7496141297493661,-1.14655857106225,-0.8833385704722515,-0.15353558820083665,-0.590345604853166,-0.8896973119817835,-0.040470196912514474,-0.7626918672887284,-0.43648274368299206,-0.49598536191781106,-0.8468261992197758,-2.392561282479405
332,-0.7553036163481811,-1.1421052138445624,-0.907052757878465,-0.19327705092643604,-0.8384522680947525,-0.8845148978057419,-0.059958139254923166,-0.747421830954865,-0.4508446601819835,-0.4957030568827332,-0.8323899783946686,-2.6931956206375753
333,-0.7626583156318832,-1.1382964222777698,-0.9304098039015088,-0.39661313603779375,-0.752890433316478,-0.8787350875258124,-0.08367229458005822,-0.7293047579870342,-0.45902949612198135,-0.49727224871871994,-0.8197582421493681,-3.022857466679647
334,-0.771261921120767,-1.1352493884655128,-0.9568606745882668,-0.46270710900845763,-0.559323725994451,-0.8708387239989573,-0.11323753882439809,-0.7061084341974458,-0.483354700814775,-0.5038624207646926,-0.8414125733870287,-3.47137023161885
335,-0.7838897939066117,-1.1325539351553493,-0.9799829492268549,-0.4766181812893142,-0.4980707857779912,-0.865452117373624,-0.14666257415385237,-0.6830074135884496,-0.48141401676238044,-0.5087089423597597,-0.8278786378751567,-3.0536546813639047
336,-0.7967952054484208,-1.129389707842395,-1.0047761883740975,-0.4960997087755859,-0.4015275044043762,-0.8588014684971078,-0.18266340018642868,-0.6573772363423638,-0.48877051238247615,-0.5141995302114238,-0.8221042183824446,-3.2669475143873936
337,-0.8134473488397097,-1.126987239681033,-1.0306020440882735,-0.3570663265043475,-1.1325654807599836,-0.8532912443596888,-0.22418029660909528,-0.6297250875413557,-0.49981512424697006,-0.521014220626012,-0.8193973624427394,-3.5654020917304905
338,-0.8321810080871074,-1.1227682694647412,-1.0525509805663193,-0.2098713292323937,-0.7834952697574731,-0.8540951524269413,-0.25963251044161106,-0.610972628396335,-0.48376958623708854,-0.5229469878006379,-0.8085701968239091,-3.1012425288613037
339,-0.8471679354850258,-1.1170843776956134,-1.0639011060231869,0.4005542466599069,0.22343809772807555,-0.86081747361954,-0.27822448267268557,-0.6066970277346694,-0.40453591256113985,-0.5071162758534541,-0.8212018900458778,-2.7248776887220116
340,-0.8557715475908764,-1.1122208446225397,-1.0765246224294511,0.21535660362925885,-0.11971511538237266,-0.8606196449096695,-0.295417519606929,-0.5970842898284734,-0.3469431010011657,-0.48182088962211134,-0.8410516506570684,-2.9733488398501535
341,-0.8607671922625049,-1.1080018758033048,-1.084356891519956,0.5303275866618209,0.46821473950778675,-0.8607822217087451,-0.3049546926499737,-0.5919922360746057,-0.27008342010583647,-0.444728300961074,-0.8518788162758988,-2.673836754784892
342,-0.8703421751260567,-1.1042516795898045,-1.0887314588471149,0.776731230716638,0.38324044437023064,-0.8657963575666288,-0.3156768904595747,-0.5905297959927862,-0.18602891955123388,-0.39662003732070666,-0.9130522719059583,-2.5179514838217574
343,-0.8871330862410862,-1.0999741126231637,-1.0923616477639773,0.6534708275743808,0.6131160320279235,-0.8832321572089858,-0.3205896940233871,-0.6032150863019065,-0.11310030714236524,-0.34213927872494887,-0.9251426025446522,-2.228000131836472
344,-0.9058667521054508,-1.093411270995859,-1.0835336943687617,0.7027394279596282,1.0714975276818335,-0.9203403802130806,-0.2976977043694158,-0.6485193594327038,0.022280611817570045,-0.2688639600707941,-0.8682999185107952,-1.6510109695494162
345,-0.912943909324705,-1.0816333129992737,-1.0532844913943158,1.6909623890541403,1.837997392742308,-0.9393503389877361,-0.28102815731234165,-0.6744411502263175,0.2630001234278188,-0.15745093572796853,-0.7717576272078934,-0.8580528322480878
346,-0.9029526199814482,-1.0654019963879453,-0.9995899540917085,2.4484710339992097,2.5083696483243356,-0.9082879142157108,-0.31135130036856323,-0.6303912259697643,0.6010676593699477,0.005821880238475948,-0.6299216629498857,0.5061105475537647
347,-0.8875493861038243,-1.049346472821776,-0.9422728174145392,2.4882010589489036,2.583298682769559,-0.8626797529794832,-0.35443573898169284,-0.5665033898607045,0.8956494265094599,0.20104556197646634,-0.5647781433369257,1.2613652972913945
348,-0.8697871042310942,-1.0351660480608857,-0.8886354852921073,2.3986513788442,2.733752740782301,-0.8169833931031445,-0.39303488817058524,-0.5049999668236671,1.1089014722658865,0.40399332142994254,-0.4907924685849197,0.49508225273690726
349,-0.8435599746677704,-1.0165908600385438,-0.8210624016328433,2.3176952154507733,2.7974968901173165,-0.7440045670160346,-0.458876415495955,-0.4044725745559238,1.3631259217993648,0.6221060985132496,-0.3942500912353544,1.166729147052803
350,-0.8319034726396264,-1.0053988681483912,-0.7919409488666053,0.22200628825140287,1.4493941068900642,-0.7254848341178947,-0.46577620816703563,-0.38434642945088887,1.3286990889126378,0.7890460894641758,-0.187090081464409,-0.20936896275633374
351,-0.8221897187438506,-0.9945584567603318,-0.7622430336046829,-0.4304634203326813,1.5335303745787545,-0.7086049341343772,-0.4738511481900848,-0.3650218732753529,1.2985630002189916,0.9159888648375647,-0.16272898033370653,0.3974678154440569
352,-0.8230223250862941,-0.986061918180343,-0.7431613906810385,-0.8152100767045617,1.2139170734840508,-0.7100970111837991,-0.4730863221178955,-0.3667580679068857,1.2036439771673804,0.9967261681195884,-0.12573614295770358,-0.05152233869543776
